Time,Value
10/1/2017 0:00,58
10/1/2017 0:01,56
10/1/2017 0:02,54
10/1/2017 0:03,54
10/1/2017 0:04,53
10/1/2017 0:05,57
10/1/2017 0:06,62
10/1/2017 0:07,57
10/1/2017 0:08,56
10/1/2017 0:09,55
10/1/2017 0:10,55
10/1/2017 0:11,55
10/1/2017 0:12,59
10/1/2017 0:13,59
10/1/2017 0:14,58
10/1/2017 0:15,59
10/1/2017 0:16,60
10/1/2017 0:17,59
10/1/2017 0:18,63
10/1/2017 0:19,63
10/1/2017 0:20,58
10/1/2017 0:21,56
10/1/2017 0:22,58
10/1/2017 0:23,58
10/1/2017 0:24,58
10/1/2017 0:25,56
10/1/2017 0:26,57
10/1/2017 0:27,55
10/1/2017 0:28,57
10/1/2017 0:29,56
10/1/2017 0:30,58
10/1/2017 0:31,58
10/1/2017 0:32,57
10/1/2017 0:33,57
10/1/2017 0:34,55
10/1/2017 0:35,57
10/1/2017 0:36,58
10/1/2017 0:37,55
10/1/2017 0:38,56
10/1/2017 0:39,55
10/1/2017 0:40,55
10/1/2017 0:41,54
10/1/2017 0:42,54
10/1/2017 0:43,55
10/1/2017 0:44,54
10/1/2017 0:45,54
10/1/2017 0:46,54
10/1/2017 0:47,54
10/1/2017 0:48,54
10/1/2017 0:49,54
10/1/2017 0:50,53
10/1/2017 0:51,53
10/1/2017 0:52,53
10/1/2017 0:53,53
10/1/2017 0:54,53
10/1/2017 0:55,53
10/1/2017 0:56,54
10/1/2017 0:57,54
10/1/2017 0:58,55
10/1/2017 0:59,55
10/1/2017 1:00,55
10/1/2017 1:01,55
10/1/2017 1:02,56
10/1/2017 1:03,54
10/1/2017 1:04,53
10/1/2017 1:05,53
10/1/2017 1:06,54
10/1/2017 1:07,53
10/1/2017 1:08,54
10/1/2017 1:09,53
10/1/2017 1:10,53
10/1/2017 1:11,54
10/1/2017 1:12,53
10/1/2017 1:13,53
10/1/2017 1:14,54
10/1/2017 1:15,54
10/1/2017 1:16,53
10/1/2017 1:17,53
10/1/2017 1:18,60
10/1/2017 1:19,53
10/1/2017 1:20,51
10/1/2017 1:21,59
10/1/2017 1:22,55
10/1/2017 1:23,54
10/1/2017 1:24,54
10/1/2017 1:25,54
10/1/2017 1:26,54
10/1/2017 1:27,53
10/1/2017 1:28,53
10/1/2017 1:29,53
10/1/2017 1:30,53
10/1/2017 1:31,54
10/1/2017 1:32,53
10/1/2017 1:33,53
10/1/2017 1:34,53
10/1/2017 1:35,52
10/1/2017 1:36,53
10/1/2017 1:37,52
10/1/2017 1:38,51
10/1/2017 1:39,51
10/1/2017 1:40,50
10/1/2017 1:41,50
10/1/2017 1:42,50
10/1/2017 1:43,49
10/1/2017 1:44,50
10/1/2017 1:45,49
10/1/2017 1:46,51
10/1/2017 1:47,50
10/1/2017 1:48,46
10/1/2017 1:49,47
10/1/2017 1:50,49
10/1/2017 1:51,47
10/1/2017 1:52,47
10/1/2017 1:53,50
10/1/2017 1:54,53
10/1/2017 1:55,54
10/1/2017 1:56,51
10/1/2017 1:57,54
10/1/2017 1:58,57
10/1/2017 1:59,53
10/1/2017 2:00,52
10/1/2017 2:01,52
10/1/2017 2:02,52
10/1/2017 2:03,50
10/1/2017 2:04,49
10/1/2017 2:05,54
10/1/2017 2:06,49
10/1/2017 2:07,48
10/1/2017 2:08,48
10/1/2017 2:09,54
10/1/2017 2:10,48
10/1/2017 2:11,48
10/1/2017 2:12,47
10/1/2017 2:13,51
10/1/2017 2:14,50
10/1/2017 2:15,49
10/1/2017 2:16,48
10/1/2017 2:17,47
10/1/2017 2:18,48
10/1/2017 2:19,48
10/1/2017 2:20,47
10/1/2017 2:21,48
10/1/2017 2:22,48
10/1/2017 2:23,48
10/1/2017 2:24,47
10/1/2017 2:25,47
10/1/2017 2:26,47
10/1/2017 2:27,47
10/1/2017 2:28,47
10/1/2017 2:29,47
10/1/2017 2:30,47
10/1/2017 2:31,47
10/1/2017 2:32,47
10/1/2017 2:33,47
10/1/2017 2:34,47
10/1/2017 2:35,46
10/1/2017 2:36,46
10/1/2017 2:37,46
10/1/2017 2:38,47
10/1/2017 2:39,47
10/1/2017 2:40,47
10/1/2017 2:41,46
10/1/2017 2:42,47
10/1/2017 2:43,48
10/1/2017 2:44,47
10/1/2017 2:45,47
10/1/2017 2:46,47
10/1/2017 2:47,47
10/1/2017 2:48,46
10/1/2017 2:49,47
10/1/2017 2:50,46
10/1/2017 2:51,45
10/1/2017 2:52,46
10/1/2017 2:53,46
10/1/2017 2:54,46
10/1/2017 2:55,45
10/1/2017 2:56,46
10/1/2017 2:57,45
10/1/2017 2:58,52
10/1/2017 2:59,46
10/1/2017 3:00,45
10/1/2017 3:01,45
10/1/2017 3:02,46
10/1/2017 3:03,46
10/1/2017 3:04,46
10/1/2017 3:05,50
10/1/2017 3:06,56
10/1/2017 3:07,44
10/1/2017 3:08,44
10/1/2017 3:09,45
10/1/2017 3:10,44
10/1/2017 3:11,45
10/1/2017 3:12,44
10/1/2017 3:13,45
10/1/2017 3:14,45
10/1/2017 3:15,45
10/1/2017 3:16,45
10/1/2017 3:17,45
10/1/2017 3:18,45
10/1/2017 3:19,45
10/1/2017 3:20,45
10/1/2017 3:21,45
10/1/2017 3:22,45
10/1/2017 3:23,51
10/1/2017 3:24,48
10/1/2017 3:25,47
10/1/2017 3:26,50
10/1/2017 3:27,47
10/1/2017 3:28,48
10/1/2017 3:29,49
10/1/2017 3:30,49
10/1/2017 3:31,51
10/1/2017 3:32,49
10/1/2017 3:33,48
10/1/2017 3:34,49
10/1/2017 3:35,49
10/1/2017 3:36,48
10/1/2017 3:37,48
10/1/2017 3:38,49
10/1/2017 3:39,60
10/1/2017 3:40,50
10/1/2017 3:41,52
10/1/2017 3:42,51
10/1/2017 3:43,48
10/1/2017 3:44,50
10/1/2017 3:45,51
10/1/2017 3:46,49
10/1/2017 3:47,49
10/1/2017 3:48,48
10/1/2017 3:49,50
10/1/2017 3:50,50
10/1/2017 3:51,49
10/1/2017 3:52,47
10/1/2017 3:53,47
10/1/2017 3:54,47
10/1/2017 3:55,46
10/1/2017 3:56,48
10/1/2017 3:57,47
10/1/2017 3:58,47
10/1/2017 3:59,47
10/1/2017 4:00,48
10/1/2017 4:01,47
10/1/2017 4:02,47
10/1/2017 4:03,47
10/1/2017 4:04,47
10/1/2017 4:05,47
10/1/2017 4:06,46
10/1/2017 4:07,46
10/1/2017 4:08,47
10/1/2017 4:09,46
10/1/2017 4:10,46
10/1/2017 4:11,47
10/1/2017 4:12,46
10/1/2017 4:13,46
10/1/2017 4:14,46
10/1/2017 4:15,47
10/1/2017 4:16,47
10/1/2017 4:17,47
10/1/2017 4:18,46
10/1/2017 4:19,47
10/1/2017 4:20,46
10/1/2017 4:21,46
10/1/2017 4:22,45
10/1/2017 4:23,45
10/1/2017 4:24,46
10/1/2017 4:25,51
10/1/2017 4:26,57
10/1/2017 4:27,45
10/1/2017 4:28,44
10/1/2017 4:29,44
10/1/2017 4:30,53
10/1/2017 4:31,47
10/1/2017 4:32,45
10/1/2017 4:33,46
10/1/2017 4:34,44
10/1/2017 4:35,45
10/1/2017 4:36,54
10/1/2017 4:37,44
10/1/2017 4:38,44
10/1/2017 4:39,44
10/1/2017 4:40,53
10/1/2017 4:41,44
10/1/2017 4:42,47
10/1/2017 4:43,42
10/1/2017 4:44,42
10/1/2017 4:45,42
10/1/2017 4:46,48
10/1/2017 4:47,43
10/1/2017 4:48,43
10/1/2017 4:49,43
10/1/2017 4:50,44
10/1/2017 4:51,44
10/1/2017 4:52,50
10/1/2017 4:53,53
10/1/2017 4:54,45
10/1/2017 4:55,44
10/1/2017 4:56,43
10/1/2017 4:57,42
10/1/2017 4:58,43
10/1/2017 4:59,42
10/1/2017 5:00,42
10/1/2017 5:01,43
10/1/2017 5:02,43
10/1/2017 5:03,43
10/1/2017 5:04,43
10/1/2017 5:05,50
10/1/2017 5:06,50
10/1/2017 5:07,46
10/1/2017 5:08,61
10/1/2017 5:09,46
10/1/2017 5:10,51
10/1/2017 5:11,45
10/1/2017 5:12,49
10/1/2017 5:13,47
10/1/2017 5:14,51
10/1/2017 5:15,49
10/1/2017 5:16,54
10/1/2017 5:17,51
10/1/2017 5:18,56
10/1/2017 5:19,46
10/1/2017 5:20,48
10/1/2017 5:21,48
10/1/2017 5:22,48
10/1/2017 5:23,49
10/1/2017 5:24,53
10/1/2017 5:25,51
10/1/2017 5:26,46
10/1/2017 5:27,51
10/1/2017 5:28,48
10/1/2017 5:29,46
10/1/2017 5:30,44
10/1/2017 5:31,46
10/1/2017 5:32,50
10/1/2017 5:33,45
10/1/2017 5:34,48
10/1/2017 5:35,51
10/1/2017 5:36,48
10/1/2017 5:37,46
10/1/2017 5:38,46
10/1/2017 5:39,45
10/1/2017 5:40,45
10/1/2017 5:41,45
10/1/2017 5:42,44
10/1/2017 5:43,45
10/1/2017 5:44,48
10/1/2017 5:45,46
10/1/2017 5:46,44
10/1/2017 5:47,48
10/1/2017 5:48,47
10/1/2017 5:49,53
10/1/2017 5:50,46
10/1/2017 5:51,46
10/1/2017 5:52,46
10/1/2017 5:53,53
10/1/2017 5:54,45
10/1/2017 5:55,42
10/1/2017 5:56,43
10/1/2017 5:57,43
10/1/2017 5:58,44
10/1/2017 5:59,42
10/1/2017 6:00,43
10/1/2017 6:01,43
10/1/2017 6:02,44
10/1/2017 6:03,44
10/1/2017 6:04,43
10/1/2017 6:05,44
10/1/2017 6:06,44
10/1/2017 6:07,44
10/1/2017 6:08,44
10/1/2017 6:09,44
10/1/2017 6:10,45
10/1/2017 6:11,43
10/1/2017 6:12,44
10/1/2017 6:13,45
10/1/2017 6:14,44
10/1/2017 6:15,44
10/1/2017 6:16,44
10/1/2017 6:17,44
10/1/2017 6:18,44
10/1/2017 6:19,43
10/1/2017 6:20,44
10/1/2017 6:21,44
10/1/2017 6:22,43
10/1/2017 6:23,44
10/1/2017 6:24,44
10/1/2017 6:25,44
10/1/2017 6:26,44
10/1/2017 6:27,44
10/1/2017 6:28,44
10/1/2017 6:29,44
10/1/2017 6:30,44
10/1/2017 6:31,45
10/1/2017 6:32,45
10/1/2017 6:33,44
10/1/2017 6:34,45
10/1/2017 6:35,44
10/1/2017 6:36,59
10/1/2017 6:37,47
10/1/2017 6:38,44
10/1/2017 6:39,45
10/1/2017 6:40,48
10/1/2017 6:41,47
10/1/2017 6:42,49
10/1/2017 6:43,48
10/1/2017 6:44,45
10/1/2017 6:45,46
10/1/2017 6:46,47
10/1/2017 6:47,48
10/1/2017 6:48,48
10/1/2017 6:49,46
10/1/2017 6:50,51
10/1/2017 6:51,64
10/1/2017 6:52,52
10/1/2017 6:53,46
10/1/2017 6:54,44
10/1/2017 6:55,45
10/1/2017 6:56,46
10/1/2017 6:57,46
10/1/2017 6:58,47
10/1/2017 6:59,46
10/1/2017 7:00,47
10/1/2017 7:01,46
10/1/2017 7:02,46
10/1/2017 7:03,45
10/1/2017 7:04,44
10/1/2017 7:05,44
10/1/2017 7:06,46
10/1/2017 7:07,46
10/1/2017 7:08,46
10/1/2017 7:09,45
10/1/2017 7:10,46
10/1/2017 7:11,49
10/1/2017 7:12,51
10/1/2017 7:13,46
10/1/2017 7:14,49
10/1/2017 7:15,46
10/1/2017 7:16,47
10/1/2017 7:17,48
10/1/2017 7:18,54
10/1/2017 7:19,53
10/1/2017 7:20,53
10/1/2017 7:21,48
10/1/2017 7:22,50
10/1/2017 7:23,49
10/1/2017 7:24,48
10/1/2017 7:25,50
10/1/2017 7:26,48
10/1/2017 7:27,54
10/1/2017 7:28,47
10/1/2017 7:29,46
10/1/2017 7:30,46
10/1/2017 7:31,46
10/1/2017 7:32,44
10/1/2017 7:33,54
10/1/2017 7:34,46
10/1/2017 7:35,45
10/1/2017 7:36,49
10/1/2017 7:37,45
10/1/2017 7:38,46
10/1/2017 7:39,49
10/1/2017 7:40,48
10/1/2017 7:41,46
10/1/2017 7:42,46
10/1/2017 7:43,54
10/1/2017 7:44,47
10/1/2017 7:45,45
10/1/2017 7:46,46
10/1/2017 7:47,46
10/1/2017 7:48,48
10/1/2017 7:49,44
10/1/2017 7:50,44
10/1/2017 7:51,47
10/1/2017 7:52,46
10/1/2017 7:53,45
10/1/2017 7:54,45
10/1/2017 7:55,45
10/1/2017 7:56,46
10/1/2017 7:57,45
10/1/2017 7:58,44
10/1/2017 7:59,46
10/1/2017 8:00,45
10/1/2017 8:01,46
10/1/2017 8:02,46
10/1/2017 8:03,46
10/1/2017 8:04,46
10/1/2017 8:05,45
10/1/2017 8:06,46
10/1/2017 8:07,47
10/1/2017 8:08,47
10/1/2017 8:09,48
10/1/2017 8:10,46
10/1/2017 8:11,47
10/1/2017 8:12,49
10/1/2017 8:13,46
10/1/2017 8:14,47
10/1/2017 8:15,47
10/1/2017 8:16,46
10/1/2017 8:17,47
10/1/2017 8:18,48
10/1/2017 8:19,47
10/1/2017 8:20,48
10/1/2017 8:21,47
10/1/2017 8:22,47
10/1/2017 8:23,47
10/1/2017 8:24,47
10/1/2017 8:25,46
10/1/2017 8:26,56
10/1/2017 8:27,47
10/1/2017 8:28,45
10/1/2017 8:29,46
10/1/2017 8:30,46
10/1/2017 8:31,46
10/1/2017 8:32,45
10/1/2017 8:33,46
10/1/2017 8:34,46
10/1/2017 8:35,51
10/1/2017 8:36,45
10/1/2017 8:37,44
10/1/2017 8:38,44
10/1/2017 8:39,45
10/1/2017 8:40,45
10/1/2017 8:41,48
10/1/2017 8:42,47
10/1/2017 8:43,44
10/1/2017 8:44,44
10/1/2017 8:45,45
10/1/2017 8:46,50
10/1/2017 8:47,48
10/1/2017 8:48,44
10/1/2017 8:49,46
10/1/2017 8:50,47
10/1/2017 8:51,56
10/1/2017 8:52,59
10/1/2017 8:53,55
10/1/2017 8:54,57
10/1/2017 8:55,54
10/1/2017 8:56,54
10/1/2017 8:57,55
10/1/2017 8:58,52
10/1/2017 8:59,52
10/1/2017 9:00,53
10/1/2017 9:01,52
10/1/2017 9:02,51
10/1/2017 9:03,52
10/1/2017 9:04,53
10/1/2017 9:05,54
10/1/2017 9:06,50
10/1/2017 9:07,53
10/1/2017 9:08,51
10/1/2017 9:09,51
10/1/2017 9:10,51
10/1/2017 9:11,52
10/1/2017 9:12,51
10/1/2017 9:13,53
10/1/2017 9:14,59
10/1/2017 9:15,55
10/1/2017 9:16,53
10/1/2017 9:17,52
10/1/2017 9:18,54
10/1/2017 9:19,53
10/1/2017 9:20,52
10/1/2017 9:21,54
10/1/2017 9:22,57
10/1/2017 9:23,53
10/1/2017 9:24,51
10/1/2017 9:25,50
10/1/2017 9:26,49
10/1/2017 9:27,51
10/1/2017 9:28,50
10/1/2017 9:29,53
10/1/2017 9:30,50
10/1/2017 9:31,52
10/1/2017 9:32,58
10/1/2017 9:33,59
10/1/2017 9:34,54
10/1/2017 9:35,48
10/1/2017 9:36,47
10/1/2017 9:37,46
10/1/2017 9:38,47
10/1/2017 9:39,46
10/1/2017 9:40,49
10/1/2017 9:41,45
10/1/2017 9:42,47
10/1/2017 9:43,55
10/1/2017 9:44,62
10/1/2017 9:45,56
10/1/2017 9:46,56
10/1/2017 9:47,60
10/1/2017 9:48,60
10/1/2017 9:49,68
10/1/2017 9:50,67
10/1/2017 9:51,67
10/1/2017 9:52,63
10/1/2017 9:53,61
10/1/2017 9:54,69
10/1/2017 9:55,73
10/1/2017 9:56,85
10/1/2017 9:57,86
10/1/2017 9:58,73
10/1/2017 9:59,73
10/1/2017 10:00,82
10/1/2017 10:01,68
10/1/2017 10:02,63
10/1/2017 10:03,60
10/1/2017 10:04,55
10/1/2017 10:05,56
10/1/2017 10:06,59
10/1/2017 10:07,62
10/1/2017 10:08,70
10/1/2017 10:09,59
10/1/2017 10:10,52
10/1/2017 10:11,54
10/1/2017 10:12,51
10/1/2017 10:13,51
10/1/2017 10:14,51
10/1/2017 10:15,52
10/1/2017 10:16,52
10/1/2017 10:17,53
10/1/2017 10:18,52
10/1/2017 10:19,54
10/1/2017 10:20,54
10/1/2017 10:21,53
10/1/2017 10:22,59
10/1/2017 10:23,68
10/1/2017 10:24,71
10/1/2017 10:25,64
10/1/2017 10:26,55
10/1/2017 10:27,58
10/1/2017 10:28,58
10/1/2017 10:29,52
10/1/2017 10:30,54
10/1/2017 10:31,58
10/1/2017 10:32,53
10/1/2017 10:33,53
10/1/2017 10:34,53
10/1/2017 10:35,54
10/1/2017 10:36,54
10/1/2017 10:37,53
10/1/2017 10:38,54
10/1/2017 10:39,54
10/1/2017 10:40,53
10/1/2017 10:41,59
10/1/2017 10:42,69
10/1/2017 10:43,68
10/1/2017 10:44,63
10/1/2017 10:45,64
10/1/2017 10:46,63
10/1/2017 10:47,63
10/1/2017 10:48,64
10/1/2017 10:49,67
10/1/2017 10:50,67
10/1/2017 10:51,63
10/1/2017 10:52,61
10/1/2017 10:53,65
10/1/2017 10:54,82
10/1/2017 10:55,104
10/1/2017 10:56,105
10/1/2017 10:57,86
10/1/2017 10:58,62
10/1/2017 10:59,54
10/1/2017 11:00,53
10/1/2017 11:01,55
10/1/2017 11:02,54
10/1/2017 11:03,54
10/1/2017 11:04,53
10/1/2017 11:05,51
10/1/2017 11:06,50
10/1/2017 11:07,51
10/1/2017 11:08,51
10/1/2017 11:09,53
10/1/2017 11:10,55
10/1/2017 11:11,56
10/1/2017 11:12,55
10/1/2017 11:13,55
10/1/2017 11:14,57
10/1/2017 11:15,58
10/1/2017 11:16,61
10/1/2017 11:17,72
10/1/2017 11:18,94
10/1/2017 11:19,107
10/1/2017 11:20,82
10/1/2017 11:21,82
10/1/2017 11:22,70
10/1/2017 11:23,58
10/1/2017 11:24,58
10/1/2017 11:25,55
10/1/2017 11:26,56
10/1/2017 11:27,57
10/1/2017 11:28,59
10/1/2017 11:29,61
10/1/2017 11:30,61
10/1/2017 11:31,58
10/1/2017 11:32,62
10/1/2017 11:33,71
10/1/2017 11:34,66
10/1/2017 11:35,59
10/1/2017 11:36,56
10/1/2017 11:37,57
10/1/2017 11:38,64
10/1/2017 11:39,56
10/1/2017 11:40,53
10/1/2017 11:41,57
10/1/2017 11:42,60
10/1/2017 11:43,66
10/1/2017 11:44,71
10/1/2017 11:45,68
10/1/2017 11:46,64
10/1/2017 11:47,64
10/1/2017 11:48,65
10/1/2017 11:49,65
10/1/2017 11:50,66
10/1/2017 11:51,62
10/1/2017 11:52,60
10/1/2017 11:53,57
10/1/2017 11:54,57
10/1/2017 11:55,59
10/1/2017 11:56,63
10/1/2017 11:57,55
10/1/2017 11:58,54
10/1/2017 11:59,53
10/1/2017 12:00,53
10/1/2017 12:01,54
10/1/2017 12:02,55
10/1/2017 12:03,57
10/1/2017 12:04,55
10/1/2017 12:05,58
10/1/2017 12:06,57
10/1/2017 12:07,58
10/1/2017 12:08,59
10/1/2017 12:09,66
10/1/2017 12:10,67
10/1/2017 12:11,65
10/1/2017 12:12,65
10/1/2017 12:13,63
10/1/2017 12:14,61
10/1/2017 12:15,62
10/1/2017 12:16,66
10/1/2017 12:17,60
10/1/2017 12:18,58
10/1/2017 12:19,61
10/1/2017 12:20,65
10/1/2017 12:21,66
10/1/2017 12:22,68
10/1/2017 12:23,77
10/1/2017 12:24,97
10/1/2017 12:25,81
10/1/2017 12:26,67
10/1/2017 12:27,69
10/1/2017 12:28,74
10/1/2017 12:29,80
10/1/2017 12:30,85
10/1/2017 12:31,80
10/1/2017 12:32,76
10/1/2017 12:33,65
10/1/2017 12:34,63
10/1/2017 12:35,65
10/1/2017 12:36,67
10/1/2017 12:37,75
10/1/2017 12:38,65
10/1/2017 12:39,62
10/1/2017 12:40,69
10/1/2017 12:41,89
10/1/2017 12:42,98
10/1/2017 12:43,100
10/1/2017 12:44,98
10/1/2017 12:45,99
10/1/2017 12:46,100
10/1/2017 12:47,89
10/1/2017 12:48,80
10/1/2017 12:49,68
10/1/2017 12:50,68
10/1/2017 12:51,86
10/1/2017 12:52,79
10/1/2017 12:53,86
10/1/2017 12:54,97
10/1/2017 12:55,99
10/1/2017 12:56,101
10/1/2017 12:57,105
10/1/2017 12:58,96
10/1/2017 12:59,100
10/1/2017 13:00,97
10/1/2017 13:01,110
10/1/2017 13:02,121
10/1/2017 13:03,126
10/1/2017 13:04,121
10/1/2017 13:05,113
10/1/2017 13:06,127
10/1/2017 13:07,117
10/1/2017 13:08,96
10/1/2017 13:09,83
10/1/2017 13:10,68
10/1/2017 13:11,65
10/1/2017 13:12,62
10/1/2017 13:13,62
10/1/2017 13:14,61
10/1/2017 13:15,61
10/1/2017 13:16,66
10/1/2017 13:17,77
10/1/2017 13:18,100
10/1/2017 13:19,108
10/1/2017 13:20,114
10/1/2017 13:21,104
10/1/2017 13:22,85
10/1/2017 13:23,65
10/1/2017 13:24,62
10/1/2017 13:25,61
10/1/2017 13:26,56
10/1/2017 13:27,56
10/1/2017 13:28,71
10/1/2017 13:29,87
10/1/2017 13:30,102
10/1/2017 13:31,112
10/1/2017 13:32,114
10/1/2017 13:33,115
10/1/2017 13:34,119
10/1/2017 13:35,125
10/1/2017 13:36,135
10/1/2017 13:37,138
10/1/2017 13:38,129
10/1/2017 13:39,138
10/1/2017 13:40,115
10/1/2017 13:41,88
10/1/2017 13:42,76
10/1/2017 13:43,79
10/1/2017 13:44,107
10/1/2017 13:45,125
10/1/2017 13:46,96
10/1/2017 13:47,63
10/1/2017 13:48,61
10/1/2017 13:49,63
10/1/2017 13:50,64
10/1/2017 13:51,63
10/1/2017 13:52,66
10/1/2017 13:53,69
10/1/2017 13:54,57
10/1/2017 13:55,52
10/1/2017 13:56,55
10/1/2017 13:57,56
10/1/2017 13:58,58
10/1/2017 13:59,58
10/1/2017 14:00,59
10/1/2017 14:01,63
10/1/2017 14:02,65
10/1/2017 14:03,66
10/1/2017 14:04,70
10/1/2017 14:05,75
10/1/2017 14:06,95
10/1/2017 14:07,108
10/1/2017 14:08,122
10/1/2017 14:09,131
10/1/2017 14:10,127
10/1/2017 14:11,117
10/1/2017 14:12,101
10/1/2017 14:13,83
10/1/2017 14:14,67
10/1/2017 14:15,63
10/1/2017 14:16,64
10/1/2017 14:17,65
10/1/2017 14:18,62
10/1/2017 14:19,65
10/1/2017 14:20,65
10/1/2017 14:21,61
10/1/2017 14:22,61
10/1/2017 14:23,64
10/1/2017 14:24,66
10/1/2017 14:25,65
10/1/2017 14:26,64
10/1/2017 14:27,62
10/1/2017 14:28,62
10/1/2017 14:29,61
10/1/2017 14:30,59
10/1/2017 14:31,59
10/1/2017 14:32,57
10/1/2017 14:33,59
10/1/2017 14:34,69
10/1/2017 14:35,82
10/1/2017 14:36,68
10/1/2017 14:37,55
10/1/2017 14:38,48
10/1/2017 14:39,46
10/1/2017 14:40,44
10/1/2017 14:41,46
10/1/2017 14:42,50
10/1/2017 14:43,54
10/1/2017 14:44,53
10/1/2017 14:45,58
10/1/2017 14:46,68
10/1/2017 14:47,76
10/1/2017 14:48,72
10/1/2017 14:49,81
10/1/2017 14:50,79
10/1/2017 14:51,66
10/1/2017 14:52,60
10/1/2017 14:53,60
10/1/2017 14:54,69
10/1/2017 14:55,68
10/1/2017 14:56,73
10/1/2017 14:57,65
10/1/2017 14:58,53
10/1/2017 14:59,53
10/1/2017 15:00,55
10/1/2017 15:01,53
10/1/2017 15:02,53
10/1/2017 15:03,53
10/1/2017 15:04,54
10/1/2017 15:05,55
10/1/2017 15:06,55
10/1/2017 15:07,55
10/1/2017 15:08,57
10/1/2017 15:09,56
10/1/2017 15:10,54
10/1/2017 15:11,55
10/1/2017 15:12,56
10/1/2017 15:13,56
10/1/2017 15:14,57
10/1/2017 15:15,55
10/1/2017 15:16,56
10/1/2017 15:17,57
10/1/2017 15:18,57
10/1/2017 15:19,60
10/1/2017 15:20,58
10/1/2017 15:21,60
10/1/2017 15:22,59
10/1/2017 15:23,61
10/1/2017 15:24,61
10/1/2017 15:25,58
10/1/2017 15:26,58
10/1/2017 15:27,59
10/1/2017 15:28,62
10/1/2017 15:29,64
10/1/2017 15:30,65
10/1/2017 15:31,64
10/1/2017 15:32,61
10/1/2017 15:33,60
10/1/2017 15:34,56
10/1/2017 15:35,55
10/1/2017 15:36,53
10/1/2017 15:37,55
10/1/2017 15:38,55
10/1/2017 15:39,53
10/1/2017 15:40,53
10/1/2017 15:41,54
10/1/2017 15:42,52
10/1/2017 15:43,54
10/1/2017 15:44,52
10/1/2017 15:45,51
10/1/2017 15:46,50
10/1/2017 15:47,50
10/1/2017 15:48,56
10/1/2017 15:49,68
10/1/2017 15:50,71
10/1/2017 15:51,64
10/1/2017 15:52,54
10/1/2017 15:53,51
10/1/2017 15:54,50
10/1/2017 15:55,49
10/1/2017 15:56,51
10/1/2017 15:57,51
10/1/2017 15:58,53
10/1/2017 15:59,52
10/1/2017 16:00,51
10/1/2017 16:01,51
10/1/2017 16:02,55
10/1/2017 16:03,62
10/1/2017 16:04,66
10/1/2017 16:05,73
10/1/2017 16:06,71
10/1/2017 16:07,69
10/1/2017 16:08,77
10/1/2017 16:09,74
10/1/2017 16:10,81
10/1/2017 16:11,80
10/1/2017 16:12,87
10/1/2017 16:13,63
10/1/2017 16:14,55
10/1/2017 16:15,56
10/1/2017 16:16,55
10/1/2017 16:17,54
10/1/2017 16:18,58
10/1/2017 16:19,60
10/1/2017 16:20,52
10/1/2017 16:21,52
10/1/2017 16:22,52
10/1/2017 16:23,53
10/1/2017 16:24,55
10/1/2017 16:25,60
10/1/2017 16:26,65
10/1/2017 16:27,56
10/1/2017 16:28,53
10/1/2017 16:29,53
10/1/2017 16:30,55
10/1/2017 16:31,54
10/1/2017 16:32,54
10/1/2017 16:33,54
10/1/2017 16:34,54
10/1/2017 16:35,53
10/1/2017 16:36,54
10/1/2017 16:37,53
10/1/2017 16:38,56
10/1/2017 16:39,56
10/1/2017 16:40,56
10/1/2017 16:41,53
10/1/2017 16:42,53
10/1/2017 16:43,54
10/1/2017 16:44,55
10/1/2017 16:45,54
10/1/2017 16:46,53
10/1/2017 16:47,52
10/1/2017 16:48,57
10/1/2017 16:49,55
10/1/2017 16:50,52
10/1/2017 16:51,53
10/1/2017 16:52,57
10/1/2017 16:53,55
10/1/2017 16:54,54
10/1/2017 16:55,55
10/1/2017 16:56,58
10/1/2017 16:57,54
10/1/2017 16:58,56
10/1/2017 16:59,57
10/1/2017 17:00,58
10/1/2017 17:01,59
10/1/2017 17:02,56
10/1/2017 17:03,56
10/1/2017 17:04,53
10/1/2017 17:05,53
10/1/2017 17:06,54
10/1/2017 17:07,55
10/1/2017 17:08,60
10/1/2017 17:09,58
10/1/2017 17:10,52
10/1/2017 17:11,56
10/1/2017 17:12,57
10/1/2017 17:13,57
10/1/2017 17:14,55
10/1/2017 17:15,57
10/1/2017 17:16,55
10/1/2017 17:17,58
10/1/2017 17:18,59
10/1/2017 17:19,56
10/1/2017 17:20,54
10/1/2017 17:21,56
10/1/2017 17:22,57
10/1/2017 17:23,59
10/1/2017 17:24,57
10/1/2017 17:25,67
10/1/2017 17:26,75
10/1/2017 17:27,81
10/1/2017 17:28,81
10/1/2017 17:29,66
10/1/2017 17:30,57
10/1/2017 17:31,56
10/1/2017 17:32,58
10/1/2017 17:33,58
10/1/2017 17:34,66
10/1/2017 17:35,79
10/1/2017 17:36,88
10/1/2017 17:37,93
10/1/2017 17:38,91
10/1/2017 17:39,65
10/1/2017 17:40,58
10/1/2017 17:41,58
10/1/2017 17:42,57
10/1/2017 17:43,61
10/1/2017 17:44,65
10/1/2017 17:45,61
10/1/2017 17:46,69
10/1/2017 17:47,67
10/1/2017 17:48,59
10/1/2017 17:49,58
10/1/2017 17:50,58
10/1/2017 17:51,57
10/1/2017 17:52,58
10/1/2017 17:53,58
10/1/2017 17:54,59
10/1/2017 17:55,58
10/1/2017 17:56,58
10/1/2017 17:57,56
10/1/2017 17:58,57
10/1/2017 17:59,57
10/1/2017 18:00,56
10/1/2017 18:01,56
10/1/2017 18:02,60
10/1/2017 18:03,60
10/1/2017 18:04,61
10/1/2017 18:05,64
10/1/2017 18:06,64
10/1/2017 18:07,58
10/1/2017 18:08,57
10/1/2017 18:09,57
10/1/2017 18:10,56
10/1/2017 18:11,57
10/1/2017 18:12,61
10/1/2017 18:13,67
10/1/2017 18:14,74
10/1/2017 18:15,80
10/1/2017 18:16,73
10/1/2017 18:17,75
10/1/2017 18:18,78
10/1/2017 18:19,85
10/1/2017 18:20,90
10/1/2017 18:21,95
10/1/2017 18:22,89
10/1/2017 18:23,82
10/1/2017 18:24,75
10/1/2017 18:25,79
10/1/2017 18:26,62
10/1/2017 18:27,52
10/1/2017 18:28,53
10/1/2017 18:29,53
10/1/2017 18:30,50
10/1/2017 18:31,58
10/1/2017 18:32,61
10/1/2017 18:33,71
10/1/2017 18:34,86
10/1/2017 18:35,86
10/1/2017 18:36,84
10/1/2017 18:37,88
10/1/2017 18:38,75
10/1/2017 18:39,56
10/1/2017 18:40,53
10/1/2017 18:41,53
10/1/2017 18:42,56
10/1/2017 18:43,58
10/1/2017 18:44,61
10/1/2017 18:45,64
10/1/2017 18:46,59
10/1/2017 18:47,56
10/1/2017 18:48,54
10/1/2017 18:49,54
10/1/2017 18:50,53
10/1/2017 18:51,59
10/1/2017 18:52,57
10/1/2017 18:53,56
10/1/2017 18:54,54
10/1/2017 18:55,53
10/1/2017 18:56,56
10/1/2017 18:57,54
10/1/2017 18:58,54
10/1/2017 18:59,53
10/1/2017 19:00,52
10/1/2017 19:01,56
10/1/2017 19:02,64
10/1/2017 19:03,65
10/1/2017 19:04,74
10/1/2017 19:05,88
10/1/2017 19:06,96
10/1/2017 19:07,59
10/1/2017 19:08,53
10/1/2017 19:09,54
10/1/2017 19:10,54
10/1/2017 19:11,53
10/1/2017 19:12,54
10/1/2017 19:13,55
10/1/2017 19:14,57
10/1/2017 19:15,55
10/1/2017 19:16,55
10/1/2017 19:17,56
10/1/2017 19:18,57
10/1/2017 19:19,60
10/1/2017 19:20,63
10/1/2017 19:21,66
10/1/2017 19:22,69
10/1/2017 19:23,60
10/1/2017 19:24,54
10/1/2017 19:25,54
10/1/2017 19:26,53
10/1/2017 19:27,50
10/1/2017 19:28,48
10/1/2017 19:29,50
10/1/2017 19:30,53
10/1/2017 19:31,57
10/1/2017 19:32,62
10/1/2017 19:33,54
10/1/2017 19:34,48
10/1/2017 19:35,50
10/1/2017 19:36,52
10/1/2017 19:37,50
10/1/2017 19:38,51
10/1/2017 19:39,50
10/1/2017 19:40,50
10/1/2017 19:41,51
10/1/2017 19:42,53
10/1/2017 19:43,52
10/1/2017 19:44,52
10/1/2017 19:45,52
10/1/2017 19:46,58
10/1/2017 19:47,68
10/1/2017 19:48,72
10/1/2017 19:49,65
10/1/2017 19:50,64
10/1/2017 19:51,74
10/1/2017 19:52,86
10/1/2017 19:53,82
10/1/2017 19:54,63
10/1/2017 19:55,61
10/1/2017 19:56,58
10/1/2017 19:57,55
10/1/2017 19:58,58
10/1/2017 19:59,59
10/1/2017 20:00,58
10/1/2017 20:01,57
10/1/2017 20:02,55
10/1/2017 20:03,58
10/1/2017 20:04,58
10/1/2017 20:05,57
10/1/2017 20:06,58
10/1/2017 20:07,57
10/1/2017 20:08,55
10/1/2017 20:09,55
10/1/2017 20:10,56
10/1/2017 20:11,58
10/1/2017 20:12,50
10/1/2017 20:13,51
10/1/2017 20:14,50
10/1/2017 20:15,52
10/1/2017 20:16,53
10/1/2017 20:17,53
10/1/2017 20:18,55
10/1/2017 20:19,55
10/1/2017 20:20,54
10/1/2017 20:21,53
10/1/2017 20:22,53
10/1/2017 20:23,54
10/1/2017 20:24,57
10/1/2017 20:25,58
10/1/2017 20:26,54
10/1/2017 20:27,55
10/1/2017 20:28,55
10/1/2017 20:29,57
10/1/2017 20:30,58
10/1/2017 20:31,58
10/1/2017 20:32,58
10/1/2017 20:33,58
10/1/2017 20:34,56
10/1/2017 20:35,54
10/1/2017 20:36,57
10/1/2017 20:37,56
10/1/2017 20:38,61
10/1/2017 20:39,62
10/1/2017 20:40,63
10/1/2017 20:41,66
10/1/2017 20:42,72
10/1/2017 20:43,76
10/1/2017 20:44,68
10/1/2017 20:45,55
10/1/2017 20:46,53
10/1/2017 20:47,55
10/1/2017 20:48,55
10/1/2017 20:49,53
10/1/2017 20:50,54
10/1/2017 20:51,54
10/1/2017 20:52,56
10/1/2017 20:53,59
10/1/2017 20:54,62
10/1/2017 20:55,66
10/1/2017 20:56,67
10/1/2017 20:57,71
10/1/2017 20:58,76
10/1/2017 20:59,77
10/1/2017 21:00,77
10/1/2017 21:01,82
10/1/2017 21:02,89
10/1/2017 21:03,90
10/1/2017 21:04,89
10/1/2017 21:05,89
10/1/2017 21:06,92
10/1/2017 21:07,94
10/1/2017 21:08,92
10/1/2017 21:09,90
10/1/2017 21:10,64
10/1/2017 21:11,58
10/1/2017 21:12,64
10/1/2017 21:13,68
10/1/2017 21:14,72
10/1/2017 21:15,76
10/1/2017 21:16,66
10/1/2017 21:17,69
10/1/2017 21:18,63
10/1/2017 21:19,60
10/1/2017 21:20,58
10/1/2017 21:21,58
10/1/2017 21:22,57
10/1/2017 21:23,57
10/1/2017 21:24,55
10/1/2017 21:25,55
10/1/2017 21:26,55
10/1/2017 21:27,53
10/1/2017 21:28,54
10/1/2017 21:29,56
10/1/2017 21:30,57
10/1/2017 21:31,56
10/1/2017 21:32,55
10/1/2017 21:33,55
10/1/2017 21:34,59
10/1/2017 21:35,58
10/1/2017 21:36,56
10/1/2017 21:37,58
10/1/2017 21:38,63
10/1/2017 21:39,56
10/1/2017 21:40,57
10/1/2017 21:41,57
10/1/2017 21:42,56
10/1/2017 21:43,58
10/1/2017 21:44,59
10/1/2017 21:45,56
10/1/2017 21:46,62
10/1/2017 21:47,59
10/1/2017 21:48,57
10/1/2017 21:49,56
10/1/2017 21:50,59
10/1/2017 21:51,60
10/1/2017 21:52,60
10/1/2017 21:53,56
10/1/2017 21:54,57
10/1/2017 21:55,57
10/1/2017 21:56,57
10/1/2017 21:57,58
10/1/2017 21:58,58
10/1/2017 21:59,57
10/1/2017 22:00,59
10/1/2017 22:01,63
10/1/2017 22:02,65
10/1/2017 22:03,68
10/1/2017 22:04,64
10/1/2017 22:05,58
10/1/2017 22:06,58
10/1/2017 22:07,62
10/1/2017 22:08,64
10/1/2017 22:09,57
10/1/2017 22:10,59
10/1/2017 22:11,55
10/1/2017 22:12,53
10/1/2017 22:13,55
10/1/2017 22:14,56
10/1/2017 22:15,54
10/1/2017 22:16,55
10/1/2017 22:17,55
10/1/2017 22:18,58
10/1/2017 22:19,55
10/1/2017 22:20,57
10/1/2017 22:21,61
10/1/2017 22:22,64
10/1/2017 22:23,64
10/1/2017 22:24,68
10/1/2017 22:25,73
10/1/2017 22:26,76
10/1/2017 22:27,63
10/1/2017 22:28,56
10/1/2017 22:29,58
10/1/2017 22:30,56
10/1/2017 22:31,55
10/1/2017 22:32,55
10/1/2017 22:33,54
10/1/2017 22:34,57
10/1/2017 22:35,57
10/1/2017 22:36,57
10/1/2017 22:37,55
10/1/2017 22:38,56
10/1/2017 22:39,60
10/1/2017 22:40,59
10/1/2017 22:41,60
10/1/2017 22:42,60
10/1/2017 22:43,62
10/1/2017 22:44,61
10/1/2017 22:45,58
10/1/2017 22:46,57
10/1/2017 22:47,60
10/1/2017 22:48,57
10/1/2017 22:49,54
10/1/2017 22:50,56
10/1/2017 22:51,63
10/1/2017 22:52,58
10/1/2017 22:53,59
10/1/2017 22:54,59
10/1/2017 22:55,57
10/1/2017 22:56,58
10/1/2017 22:57,57
10/1/2017 22:58,57
10/1/2017 22:59,59
10/1/2017 23:00,59
10/1/2017 23:01,56
10/1/2017 23:02,58
10/1/2017 23:03,59
10/1/2017 23:04,61
10/1/2017 23:05,59
10/1/2017 23:06,59
10/1/2017 23:07,59
10/1/2017 23:08,64
10/1/2017 23:09,60
10/1/2017 23:10,59
10/1/2017 23:11,55
10/1/2017 23:12,56
10/1/2017 23:13,57
10/1/2017 23:14,54
10/1/2017 23:15,54
10/1/2017 23:16,53
10/1/2017 23:17,57
10/1/2017 23:18,58
10/1/2017 23:19,55
10/1/2017 23:20,56
10/1/2017 23:21,57
10/1/2017 23:22,55
10/1/2017 23:23,57
10/1/2017 23:24,56
10/1/2017 23:25,57
10/1/2017 23:26,56
10/1/2017 23:27,60
10/1/2017 23:28,53
10/1/2017 23:29,53
10/1/2017 23:30,63
10/1/2017 23:31,56
10/1/2017 23:32,56
10/1/2017 23:33,52
10/1/2017 23:34,51
10/1/2017 23:35,53
10/1/2017 23:36,55
10/1/2017 23:37,52
10/1/2017 23:38,54
10/1/2017 23:39,54
10/1/2017 23:40,55
10/1/2017 23:41,56
10/1/2017 23:42,54
10/1/2017 23:43,55
10/1/2017 23:44,57
10/1/2017 23:45,53
10/1/2017 23:46,51
10/1/2017 23:47,50
10/1/2017 23:48,50
10/1/2017 23:49,48
10/1/2017 23:50,47
10/1/2017 23:51,48
10/1/2017 23:52,48
10/1/2017 23:53,48
10/1/2017 23:54,48
10/1/2017 23:55,48
10/1/2017 23:56,49
10/1/2017 23:57,50
10/1/2017 23:58,53
10/1/2017 23:59,57
,
,
,
,
,
,
,
,
,
,
,
,
,
,
,
,
,
,
,
,
,
,
,
,
,
,
,
,
,
,
,
,
,
,
,
,
,
,
,
,
,
,
,
,
,
,
,
,
,
,
,
,
,
,
,
,
,
,
,
,
,
,
,
,
,
,
,
,
,
,
,
,
,
,
,
,
,
,
,
,
,
,
,
,
,
,
,
,
,
,
,
,
,
,
,
,
,
,
,
,
,
,
,
,
,
,
,
,
,
,
,
,
,
,
,
,
,
,
,
,
,
,
,
,
,
,
,
,
,
,
,
,
,
,
,
,
,
,
,
,
,
,
,
,
,
,
,
,
,
,
,
,
,
,
,
,
,
,
,
,
,
,
,
,
,
,
,
,
,
,
,
,
,
,
,
,
,
,
,
,
,
,
,
,
,
,
,
,
,
,
,
,
,
,
,
,
,
,
,
,
,
,
,
,
,
,
,
,
,
,
,
,
,
,
,
,
,
,
,
,
,
,
,
,
,
,
,
,
,
,
,
,
,
,
,
,
,
,
,
,
,
,
,
,
,
,
,
,
,
,
,
,
,
,
,
,
,
,
,
,
,
,
,
,
,
,
,
,
,
,
,
,
,
,
,
,
,
,
,
,
,
,
,
,
,
,
,
,
,
,
,
,
,
,
,
,
,
,
,
,
,
,
,
,
,
,
,
,
,
,
,
,
,
,
,
,
,
,
,
,
,
,
,
,
,
,
,
,
,
,
,
,
,
,
,
,
,
,
,
,
,
,
,
,
,
,
,
,
,
,
,
,
,
,
,
,
,
,
,
,
,
,
,
,
,
,
,
,
,
,
,
,
,
,
,
,
,
,
,
,
,
,
,
,
,
,
,
,
,
,
,
,
,
,
,
,
,
,
,
,
,
,
,
,
,
,
,
,
,
,
,
,
,
,
,
,
,
,
,
,
,
,
,
,
,
,
,
,
,
,
,
,
,
,
,
,
,
,
,
,
,
,
,
,
,
,
,
,
,
,
,
,
,
,
,
,
,
,
,
,
,
,
,
,
,
,
,
,
,
,
,
,
,
,
,
,
,
,
,
,
,
,
,
,
,
,
,
,
,
,
,
,
,
,
,
,
,
,
,
,
,
,
,
,
,
,
,
,
,
,
,
,
,
,
,
,
,
,
,
,
,
,
,
,
,
,
,
,
,
,
,
,
,
,
,
,
,
,
,
,
,
,
,
,
,
,
,
,
,
,
,
,
,
,
,
,
,
,
,
,
,
,
,
,
,
,
,
,
,
,
,
,
,
,
,
,
,
,
,
,
,
,
,
,
,
,
,
,
,
,
,
,
,
,
,
,
,
,
,
,
,
,
,
,
,
,
,
,
,
,
,
,
,
,
,
,
,
,
,
,
,
,
,
,
,
,
,
,
,
,
,
,
,
,
,
,
,
,
,
,
,
,
,
,
,
,
,
,
,
,
,
,
,
,
,
,
,
,
,
,
,
,
,
,
,
,
,
,
,
,
,
,
,
,
,
,
,
,
,
,
,
,
,
,
,
,
,
,
,
,
,
,
,
,
,
,
,
,
,
,
,
,
,
,
,
,
,
,
,
,
,
,
,
,
,
,
,
,
,
,
,
,
,
,
,
,
,
,
,
,
,
,
,
,
,
,
,
,
,
,
,
,
,
,
,
,
,
,
,
,
,
,
,
,
,
,
,
,
,
,
,
,
,
,
,
,
,
,
,
,
,
,
,
,
,
,
,
,
,
,
,
,
,
,
,
,
,
,
,
,
,
,
,
,
,
,
,
,
,
,
,
,
,
,
,
,
,
,
,
,
,
,
,
,
,
,
,
,
,
,
,
,
,
,
,
,
,
,
,
,
,
,
,
,
,
,
,
,
,
,
,
,
,
,
,
,
,
,
,
,
,
,
,
,
,
,
,
,
,
,
,
,
,
,
,
,
,
,
,
,
,
,
,
,
,
,
,
,
,
,
,
,
,
,
,
,
,
,
,
,
,
,
,
,
,
,
,
,
,
,
,
,
,
,
,
,
,
,
,
,
,
,
,
,
,
,
,
,
,
,
,
,
,
,
,
,
,
,
,
,
,
,
,
,
,
,
,
,
,
,
,
,
,
,
,
,
,
,
,
,
,
,
,
,
,
,
,
,
,
,
,
,
,
,
,
,
,
,
,
,
,
,
,
,
,
,
,
,
,
,
,
,
,
,
,
,
,
,
,
,
,
,
,
,
,
,
,
,
,
,
,
,
,
,
,
,
,
,
,
,
,
,
,
,
,
,
,
,
,
,
,
,
,
,
,
,
,
,
,
,
,
,
,
,
,
,
,
,
,
,
,
,
,
,
,
,
,
,
,
,
,
,
,
,
,
,
,
,
,
,
,
,
,
,
,
,
,
,
,
,
,
,
,
,
,
,
,
,
,
,
,
,
,
,
,
,
,
,
,
,
,
,
,
,
,
,
,
,
,
,
,
,
,
,
,
,
,
,
,
,
,
,
,
,
,
,
,
,
,
,
,
,
,
,
,
,
,
,
,
,
,
,
,
,
,
,
,
,
,
,
,
,
,
,
,
,
,
,
,
,
,
,
,
,
,
,
,
,
,
,
,
,
,
,
,
,
,
,
,
,
,
,
,
,
,
,
,
,
,
,
,
,
,
,
,
,
,
,
,
,
,
,
,
,
,
,
,
,
,
,
,
,
,
,
,
,
,
,
,
,
,
,
,
,
,
,
,
,
,
,
,
,
,
,
,
,
,
,
,
,
,
,
,
,
,
,
,
,
,
,
,
,
,
,
,
,
,
,
,
,
,
,
,
,
,
,
,
,
,
,
,
,
,
,
,
,
,
,
,
,
,
,
,
,
,
,
,
,
,
,
,
,
,
,
,
,
,
,
,
,
,
,
,
,
,
,
,
,
,
,
,
,
,
,
,
,
,
,
,
,
,
,
,
,
,
,
,
,
,
,
,
,
,
,
,
,
,
,
,
,
,
,
,
,
,
,
,
,
,
,
,
,
,
,
,
,
,
,
,
,
,
,
,
,
,
,
,
,
,
,
,
,
,
,
,
,
,
,
,
,
,
,
,
,
,
,
,
,
,
,
,
,
,
,
,
,
,
,
,
,
,
,
,
,
,
,
,
,
,
,
,
,
,
,
,
,
,
,
,
,
,
,
,
,
,
,
,
,
,
,
,
,
,
,
,
,
,
,
,
,
,
,
,
,
,
,
,
,
,
,
,
,
,
,
,
,
,
,
,
,
,
,
,
,
,
,
,
,
,
,
,
,
,
,
,
,
,
,
,
,
,
,
,
,
,
,
,
,
,
,
,
,
,
,
,
,
,
,
,
,
,
,
,
,
,
,
,
,
,
,
,
,
,
,
,
,
,
,
,
,
,
,
,
,
,
,
,
,
,
,
,
,
,
,
,
,
,
,
,
,
,
,
,
,
,
,
,
,
,
,
,
,
,
,
,
,
,
,
,
,
,
,
,
,
,
,
,
,
,
,
,
,
,
,
,
,
,
,
,
,
,
,
,
,
,
,
,
,
,
,
,
,
,
,
,
,
,
,
,
,
,
,
,
,
,
,
,
,
,
,
,
,
,
,
,
,
,
,
,
,
,
,
,
,
,
,
,
,
,
,
,
,
,
,
,
,
,
,
,
,
,
,
,
,
,
,
,
,
,
,
,
,
,
,
,
,
,
,
,
,
,
,
,
,
,
,
,
,
,
,
,
,
,
,
,
,
,
,
,
,
,
,
,
,
,
,
,
,
,
,
,
,
,
,
,
,
,
,
,
,
,
,
,
,
,
,
,
,
,
,
,
,
,
,
,
,
,
,
,
,
,
,
,
,
,
,
,
,
,
,
,
,
,
,
,
,
,
,
,
,
,
,
,
,
,
,
,
,
,
,
,
,
,
,
,
,
,
,
,
,
,
,
,
,
,
,
,
,
,
,
,
,
,
,
,
,
,
,
,
,
,
,
,
,
,
,
,
,
,
,
,
,
,
,
,
,
,
,
,
,
,
,
,
,
,
,
,
,
,
,
,
,
,
,
,
,
,
,
,
,
,
,
,
,
,
,
,
,
,
,
,
,
,
,
,
,
,
,
,
,
,
,
,
,
,
,
,
,
,
,
,
,
,
,
,
,
,
,
,
,
,
,
,
,
,
,
,
,
,
,
,
,
,
,
,
,
,
,
,
,
,
,
,
,
,
,
,
,
,
,
,
,
,
,
,
,
,
,
,
,
,
,
,
,
,
,
,
,
,
,
,
,
,
,
,
,
,
,
,
,
,
,
,
,
,
,
,
,
,
,
,
,
,
,
,
,
,
,
,
,
,
,
,
,
,
,
,
,
,
,
,
,
,
,
,
,
,
,
,
,
,
,
,
,
,
,
,
,
,
,
,
,
,
,
,
,
,
,
,
,
,
,
,
,
,
,
,
,
,
,
,
,
,
,
,
,
,
,
,
,
,
,
,
,
,
,
,
,
,
,
,
,
,
,
,
,
,
,
,
,
,
,
,
,
,
,
,
,
,
,
,
,
,
,
,
,
,
,
,
,
,
,
,
,
,
,
,
,
,
,
,
,
,
,
,
,
,
,
,
,
,
,
,
,
,
,
,
,
,
,
,
,
,
,
,
,
,
,
,
,
,
,
,
,
,
,
,
,
,
,
,
,
,
,
,
,
,
,
,
,
,
,
,
,
,
,
,
,
,
,
,
,
,
,
,
,
,
,
,
,
,
,
,
,
,
,
,
,
,
,
,
,
,
,
,
,
,
,
,
,
,
,
,
,
,
,
,
,
,
,
,
,
,
,
,
,
,
,
,
,
,
,
,
,
,
,
,
,
,
,
,
,
,
,
,
,
,
,
,
,
,
,
,
,
,
,
,
,
,
,
,
,
,
,
,
,
,
,
,
,
,
,
,
,
,
,
,
,
,
,
,
,
,
,
,
,
,
,
,
,
,
,
,
,
,
,
,
,
,
,
,
,
,
,
,
,
,
,
,
,
,
,
,
,
,
,
,
,
,
,
,
,
,
,
,
,
,
,
,
,
,
,
,
,
,
,
,
,
,
,
,
,
,
,
,
,
,
,
,
,
,
,
,
,
,
,
,
,
,
,
,
,
,
,
,
,
,
,
,
,
,
,
,
,
,
,
,
,
,
,
,
,
,
,
,
,
,
,
,
,
,
,
,
,
,
,
,
,
,
,
,
,
,
,
,
,
,
,
,
,
,
,
,
,
,
,
,
,
,
,
,
,
,
,
,
,
,
,
,
,
,
,
,
,
,
,
,
,
,
,
,
,
,
,
,
,
,
,
,
,
,
,
,
,
,
,
,
,
,
,
,
,
,
,
,
,
,
,
,
,
,
,
,
,
,
,
,
,
,
,
,
,
,
,
,
,
,
,
,
,
,
,
,
,
,
,
,
,
,
,
,
,
,
,
,
,
,
,
,
,
,
,
,
,
,
,
,
,
,
,
,
,
,
,
,
,
,
,
,
,
,
,
,
,
,
,
,
,
,
,
,
,
,
,
,
,
,
,
,
,
,
,
,
,
,
,
,
,
,
,
,
,
,
,
,
,
,
,
,
,
,
,
,
,
,
,
,
,
,
,
,
,
,
,
,
,
,
,
,
,
,
,
,
,
,
,
,
,
,
,
,
,
,
,
,
,
,
,
,
,
,
,
,
,
,
,
,
,
,
,
,
,
,
,
,
,
,
,
,
,
,
,
,
,
,
,
,
,
,
,
,
,
,
,
,
,
,
,
,
,
,
,
,
,
,
,
,
,
,
,
,
,
,
,
,
,
,
,
,
,
,
,
,
,
,
,
,
,
,
,
,
,
,
,
,
,
,
,
,
,
,
,
,
,
,
,
,
,
,
,
,
,
,
,
,
,
,
,
,
,
,
,
,
,
,
,
,
,
,
,
,
,
,
,
,
,
,
,
,
,
,
,
,
,
,
,
,
,
,
,
,
,
,
,
,
,
,
,
,
,
,
,
,
,
,
,
,
,
,
,
,
,
,
,
,
,
,
,
,
,
,
,
,
,
,
,
,
,
,
,
,
,
,
,
,
,
,
,
,
,
,
,
,
,
,
,
,
,
,
,
,
,
,
,
,
,
,
,
,
,
,
,
,
,
,
,
,
,
,
,
,
,
,
,
,
,
,
,
,
,
,
,
,
,
,
,
,
,
,
,
,
,
,
,
,
,
,
,
,
,
,
,
,
,
,
,
,
,
,
,
,
,
,
,
,
,
,
,
,
,
,
,
,
,
,
,
,
,
,
,
,
,
,
,
,
,
,
,
,
,
,
,
,
,
,
,
,
,
,
,
,
,
,
,
,
,
,
,
,
,
,
,
,
,
,
,
,
,
,
,
,
,
,
,
,
,
,
,
,
,
,
,
,
,
,
,
,
,
,
,
,
,
,
,
,
,
,
,
,
,
,
,
,
,
,
,
,
,
,
,
,
,
,
,
,
,
,
,
,
,
,
,
,
,
,
,
,
,
,
,
,
,
,
,
,
,
,
,
,
,
,
,
,
,
,
,
,
,
,
,
,
,
,
,
,
,
,
,
,
,
,
,
,
,
,
,
,
,
,
,
,
,
,
,
,
,
,
,
,
,
,
,
,
,
,
,
,
,
,
,
,
,
,
,
,
,
,
,
,
,
,
,
,
,
,
,
,
,
,
,
,
,
,
,
,
,
,
,
,
,
,
,
,
,
,
,
,
,
,
,
,
,
,
,
,
,
,
,
,
,
,
,
,
,
,
,
,
,
,
,
,
,
,
,
,
,
,
,
,
,
,
,
,
,
,
,
,
,
,
,
,
,
,
,
,
,
,
,
,
,
,
,
,
,
,
,
,
,
,
,
,
,
,
,
,
,
,
,
,
,
,
,
,
,
,
,
,
,
,
,
,
,
,
,
,
,
,
,
,
,
,
,
,
,
,
,
,
,
,
,
,
,
,
,
,
,
,
,
,
,
,
,
,
,
,
,
,
,
,
,
,
,
,
,
,
,
,
,
,
,
,
,
,
,
,
,
,
,
,
,
,
,
,
,
,
,
,
,
,
,
,
,
,
,
,
,
,
,
,
,
,
,
,
,
,
,
,
,
,
,
,
,
,
,
,
,
,
,
,
,
,
,
,
,
,
,
,
,
,
,
,
,
,
,
,
,
,
,
,
,
,
,
,
,
,
,
,
,
,
,
,
,
,
,
,
,
,
,
,
,
,
,
,
,
,
,
,
,
,
,
,
,
,
,
,
,
,
,
,
,
,
,
,
,
,
,
,
,
,
,
,
,
,
,
,
,
,
,
,
,
,
,
,
,
,
,
,
,
,
,
,
,
,
,
,
,
,
,
,
,
,
,
,
,
,
,
,
,
,
,
,
,
,
,
,
,
,
,
,
,
,
,
,
,
,
,
,
,
,
,
,
,
,
,
,
,
,
,
,
,
,
,
,
,
,
,
,
,
,
,
,
,
,
,
,
,
,
,
,
,
,
,
,
,
,
,
,
,
,
,
,
,
,
,
,
,
,
,
,
,
,
,
,
,
,
,
,
,
,
,
,
,
,
,
,
,
,
,
,
,
,
,
,
,
,
,
,
,
,
,
,
,
,
,
,
,
,
,
,
,
,
,
,
,
,
,
,
,
,
,
,
,
,
,
,
,
,
,
,
,
,
,
,
,
,
,
,
,
,
,
,
,
,
,
,
,
,
,
,
,
,
,
,
,
,
,
,
,
,
,
,
,
,
,
,
,
,
,
,
,
,
,
,
,
,
,
,
,
,
,
,
,
,
,
,
,
,
,
,
,
,
,
,
,
,
,
,
,
,
,
,
,
,
,
,
,
,
,
,
,
,
,
,
,
,
,
,
,
,
,
,
,
,
,
,
,
,
,
,
,
,
,
,
,
,
,
,
,
,
,
,
,
,
,
,
,
,
,
,
,
,
,
,
,
,
,
,
,
,
,
,
,
,
,
,
,
,
,
,
,
,
,
,
,
,
,
,
,
,
,
,
,
,
,
,
,
,
,
,
,
,
,
,
,
,
,
,
,
,
,
,
,
,
,
,
,
,
,
,
,
,
,
,
,
,
,
,
,
,
,
,
,
,
,
,
,
,
,
,
,
,
,
,
,
,
,
,
,
,
,
,
,
,
,
,
,
,
,
,
,
,
,
,
,
,
,
,
,
,
,
,
,
,
,
,
,
,
,
,
,
,
,
,
,
,
,
,
,
,
,
,
,
,
,
,
,
,
,
,
,
,
,
,
,
,
,
,
,
,
,
,
,
,
,
,
,
,
,
,
,
,
,
,
,
,
,
,
,
,
,
,
,
,
,
,
,
,
,
,
,
,
,
,
,
,
,
,
,
,
,
,
,
,
,
,
,
,
,
,
,
,
,
,
,
,
,
,
,
,
,
,
,
,
,
,
,
,
,
,
,
,
,
,
,
,
,
,
,
,
,
,
,
,
,
,
,
,
,
,
,
,
,
,
,
,
,
,
,
,
,
,
,
,
,
,
,
,
,
,
,
,
,
,
,
,
,
,
,
,
,
,
,
,
,
,
,
,
,
,
,
,
,
,
,
,
,
,
,
,
,
,
,
,
,
,
,
,
,
,
,
,
,
,
,
,
,
,
,
,
,
,
,
,
,
,
,
,
,
,
,
,
,
,
,
,
,
,
,
,
,
,
,
,
,
,
,
,
,
,
,
,
,
,
,
,
,
,
,
,
,
,
,
,
,
,
,
,
,
,
,
,
,
,
,
,
,
,
,
,
,
,
,
,
,
,
,
,
,
,
,
,
,
,
,
,
,
,
,
,
,
,
,
,
,
,
,
,
,
,
,
,
,
,
,
,
,
,
,
,
,
,
,
,
,
,
,
,
,
,
,
,
,
,
,
,
,
,
,
,
,
,
,
,
,
,
,
,
,
,
,
,
,
,
,
,
,
,
,
,
,
,
,
,
,
,
,
,
,
,
,
,
,
,
,
,
,
,
,
,
,
,
,
,
,
,
,
,
,
,
,
,
,
,
,
,
,
,
,
,
,
,
,
,
,
,
,
,
,
,
,
,
,
,
,
,
,
,
,
,
,
,
,
,
,
,
,
,
,
,
,
,
,
,
,
,
,
,
,
,
,
,
,
,
,
,
,
,
,
,
,
,
,
,
,
,
,
,
,
,
,
,
,
,
,
,
,
,
,
,
,
,
,
,
,
,
,
,
,
,
,
,
,
,
,
,
,
,
,
,
,
,
,
,
,
,
,
,
,
,
,
,
,
,
,
,
,
,
,
,
,
,
,
,
,
,
,
,
,
,
,
,
,
,
,
,
,
,
,
,
,
,
,
,
,
,
,
,
,
,
,
,
,
,
,
,
,
,
,
,
,
,
,
,
,
,
,
,
,
,
,
,
,
,
,
,
,
,
,
,
,
,
,
,
,
,
,
,
,
,
,
,
,
,
,
,
,
,
,
,
,
,
,
,
,
,
,
,
,
,
,
,
,
,
,
,
,
,
,
,
,
,
,
,
,
,
,
,
,
,
,
,
,
,
,
,
,
,
,
,
,
,
,
,
,
,
,
,
,
,
,
,
,
,
,
,
,
,
,
,
,
,
,
,
,
,
,
,
,
,
,
,
,
,
,
,
,
,
,
,
,
,
,
,
,
,
,
,
,
,
,
,
,
,
,
,
,
,
,
,
,
,
,
,
,
,
,
,
,
,
,
,
,
,
,
,
,
,
,
,
,
,
,
,
,
,
,
,
,
,
,
,
,
,
,
,
,
,
,
,
,
,
,
,
,
,
,
,
,
,
,
,
,
,
,
,
,
,
,
,
,
,
,
,
,
,
,
,
,
,
,
,
,
,
,
,
,
,
,
,
,
,
,
,
,
,
,
,
,
,
,
,
,
,
,
,
,
,
,
,
,
,
,
,
,
,
,
,
,
,
,
,
,
,
,
,
,
,
,
,
,
,
,
,
,
,
,
,
,
,
,
,
,
,
,
,
,
,
,
,
,
,
,
,
,
,
,
,
,
,
,
,
,
,
,
,
,
,
,
,
,
,
,
,
,
,
,
,
,
,
,
,
,
,
,
,
,
,
,
,
,
,
,
,
,
,
,
,
,
,
,
,
,
,
,
,
,
,
,
,
,
,
,
,
,
,
,
,
,
,
,
,
,
,
,
,
,
,
,
,
,
,
,
,
,
,
,
,
,
,
,
,
,
,
,
,
,
,
,
,
,
,
,
,
,
,
,
,
,
,
,
,
,
,
,
,
,
,
,
,
,
,
,
,
,
,
,
,
,
,
,
,
,
,
,
,
,
,
,
,
,
,
,
,
,
,
,
,
,
,
,
,
,
,
,
,
,
,
,
,
,
,
,
,
,
,
,
,
,
,
,
,
,
,
,
,
,
,
,
,
,
,
,
,
,
,
,
,
,
,
,
,
,
,
,
,
,
,
,
,
,
,
,
,
,
,
,
,
,
,
,
,
,
,
,
,
,
,
,
,
,
,
,
,
,
,
,
,
,
,
,
,
,
,
,
,
,
,
,
,
,
,
,
,
,
,
,
,
,
,
,
,
,
,
,
,
,
,
,
,
,
,
,
,
,
,
,
,
,
,
,
,
,
,
,
,
,
,
,
,
,
,
,
,
,
,
,
,
,
,
,
,
,
,
,
,
,
,
,
,
,
,
,
,
,
,
,
,
,
,
,
,
,
,
,
,
,
,
,
,
,
,
,
,
,
,
,
,
,
,
,
,
,
,
,
,
,
,
,
,
,
,
,
,
,
,
,
,
,
,
,
,
,
,
,
,
,
,
,
,
,
,
,
,
,
,
,
,
,
,
,
,
,
,
,
,
,
,
,
,
,
,
,
,
,
,
,
,
,
,
,
,
,
,
,
,
,
,
,
,
,
,
,
,
,
,
,
,
,
,
,
,
,
,
,
,
,
,
,
,
,
,
,
,
,
,
,
,
,
,
,
,
,
,
,
,
,
,
,
,
,
,
,
,
,
,
,
,
,
,
,
,
,
,
,
,
,
,
,
,
,
,
,
,
,
,
,
,
,
,
,
,
,
,
,
,
,
,
,
,
,
,
,
,
,
,
,
,
,
,
,
,
,
,
,
,
,
,
,
,
,
,
,
,
,
,
,
,
,
,
,
,
,
,
,
,
,
,
,
,
,
,
,
,
,
,
,
,
,
,
,
,
,
,
,
,
,
,
,
,
,
,
,
,
,
,
,
,
,
,
,
,
,
,
,
,
,
,
,
,
,
,
,
,
,
,
,
,
,
,
,
,
,
,
,
,
,
,
,
,
,
,
,
,
,
,
,
,
,
,
,
,
,
,
,
,
,
,
,
,
,
,
,
,
,
,
,
,
,
,
,
,
,
,
,
,
,
,
,
,
,
,
,
,
,
,
,
,
,
,
,
,
,
,
,
,
,
,
,
,
,
,
,
,
,
,
,
,
,
,
,
,
,
,
,
,
,
,
,
,
,
,
,
,
,
,
,
,
,
,
,
,
,
,
,
,
,
,
,
,
,
,
,
,
,
,
,
,
,
,
,
,
,
,
,
,
,
,
,
,
,
,
,
,
,
,
,
,
,
,
,
,
,
,
,
,
,
,
,
,
,
,
,
,
,
,
,
,
,
,
,
,
,
,
,
,
,
,
,
,
,
,
,
,
,
,
,
,
,
,
,
,
,
,
,
,
,
,
,
,
,
,
,
,
,
,
,
,
,
,
,
,
,
,
,
,
,
,
,
,
,
,
,
,
,
,
,
,
,
,
,
,
,
,
,
,
,
,
,
,
,
,
,
,
,
,
,
,
,
,
,
,
,
,
,
,
,
,
,
,
,
,
,
,
,
,
,
,
,
,
,
,
,
,
,
,
,
,
,
,
,
,
,
,
,
,
,
,
,
,
,
,
,
,
,
,
,
,
,
,
,
,
,
,
,
,
,
,
,
,
,
,
,
,
,
,
,
,
,
,
,
,
,
,
,
,
,
,
,
,
,
,
,
,
,
,
,
,
,
,
,
,
,
,
,
,
,
,
,
,
,
,
,
,
,
,
,
,
,
,
,
,
,
,
,
,
,
,
,
,
,
,
,
,
,
,
,
,
,
,
,
,
,
,
,
,
,
,
,
,
,
,
,
,
,
,
,
,
,
,
,
,
,
,
,
,
,
,
,
,
,
,
,
,
,
,
,
,
,
,
,
,
,
,
,
,
,
,
,
,
,
,
,
,
,
,
,
,
,
,
,
,
,
,
,
,
,
,
,
,
,
,
,
,
,
,
,
,
,
,
,
,
,
,
,
,
,
,
,
,
,
,
,
,
,
,
,
,
,
,
,
,
,
,
,
,
,
,
,
,
,
,
,
,
,
,
,
,
,
,
,
,
,
,
,
,
,
,
,
,
,
,
,
,
,
,
,
,
,
,
,
,
,
,
,
,
,
,
,
,
,
,
,
,
,
,
,
,
,
,
,
,
,
,
,
,
,
,
,
,
,
,
,
,
,
,
,
,
,
,
,
,
,
,
,
,
,
,
,
,
,
,
,
,
,
,
,
,
,
,
,
,
,
,
,
,
,
,
,
,
,
,
,
,
,
,
,
,
,
,
,
,
,
,
,
,
,
,
,
,
,
,
,
,
,
,
,
,
,
,
,
,
,
,
,
,
,
,
,
,
,
,
,
,
,
,
,
,
,
,
,
,
,
,
,
,
,
,
,
,
,
,
,
,
,
,
,
,
,
,
,
,
,
,
,
,
,
,
,
,
,
,
,
,
,
,
,
,
,
,
,
,
,
,
,
,
,
,
,
,
,
,
,
,
,
,
,
,
,
,
,
,
,
,
,
,
,
,
,
,
,
,
,
,
,
,
,
,
,
,
,
,
,
,
,
,
,
,
,
,
,
,
,
,
,
,
,
,
,
,
,
,
,
,
,
,
,
,
,
,
,
,
,
,
,
,
,
,
,
,
,
,
,
,
,
,
,
,
,
,
,
,
,
,
,
,
,
,
,
,
,
,
,
,
,
,
,
,
,
,
,
,
,
,
,
,
,
,
,
,
,
,
,
,
,
,
,
,
,
,
,
,
,
,
,
,
,
,
,
,
,
,
,
,
,
,
,
,
,
,
,
,
,
,
,
,
,
,
,
,
,
,
,
,
,
,
,
,
,
,
,
,
,
,
,
,
,
,
,
,
,
,
,
,
,
,
,
,
,
,
,
,
,
,
,
,
,
,
,
,
,
,
,
,
,
,
,
,
,
,
,
,
,
,
,
,
,
,
,
,
,
,
,
,
,
,
,
,
,
,
,
,
,
,
,
,
,
,
,
,
,
,
,
,
,
,
,
,
,
,
,
,
,
,
,
,
,
,
,
,
,
,
,
,
,
,
,
,
,
,
,
,
,
,
,
,
,
,
,
,
,
,
,
,
,
,
,
,
,
,
,
,
,
,
,
,
,
,
,
,
,
,
,
,
,
,
,
,
,
,
,
,
,
,
,
,
,
,
,
,
,
,
,
,
,
,
,
,
,
,
,
,
,
,
,
,
,
,
,
,
,
,
,
,
,
,
,
,
,
,
,
,
,
,
,
,
,
,
,
,
,
,
,
,
,
,
,
,
,
,
,
,
,
,
,
,
,
,
,
,
,
,
,
,
,
,
,
,
,
,
,
,
,
,
,
,
,
,
,
,
,
,
,
,
,
,
,
,
,
,
,
,
,
,
,
,
,
,
,
,
,
,
,
,
,
,
,
,
,
,
,
,
,
,
,
,
,
,
,
,
,
,
,
,
,
,
,
,
,
,
,
,
,
,
,
,
,
,
,
,
,
,
,
,
,
,
,
,
,
,
,
,
,
,
,
,
,
,
,
,
,
,
,
,
,
,
,
,
,
,
,
,
,
,
,
,
,
,
,
,
,
,
,
,
,
,
,
,
,
,
,
,
,
,
,
,
,
,
,
,
,
,
,
,
,
,
,
,
,
,
,
,
,
,
,
,
,
,
,
,
,
,
,
,
,
,
,
,
,
,
,
,
,
,
,
,
,
,
,
,
,
,
,
,
,
,
,
,
,
,
,
,
,
,
,
,
,
,
,
,
,
,
,
,
,
,
,
,
,
,
,
,
,
,
,
,
,
,
,
,
,
,
,
,
,
,
,
,
,
,
,
,
,
,
,
,
,
,
,
,
,
,
,
,
,
,
,
,
,
,
,
,
,
,
,
,
,
,
,
,
,
,
,
,
,
,
,
,
,
,
,
,
,
,
,
,
,
,
,
,
,
,
,
,
,
,
,
,
,
,
,
,
,
,
,
,
,
,
,
,
,
,
,
,
,
,
,
,
,
,
,
,
,
,
,
,
,
,
,
,
,
,
,
,
,
,
,
,
,
,
,
,
,
,
,
,
,
,
,
,
,
,
,
,
,
,
,
,
,
,
,
,
,
,
,
,
,
,
,
,
,
,
,
,
,
,
,
,
,
,
,
,
,
,
,
,
,
,
,
,
,
,
,
,
,
,
,
,
,
,
,
,
,
,
,
,
,
,
,
,
,
,
,
,
,
,
,
,
,
,
,
,
,
,
,
,
,
,
,
,
,
,
,
,
,
,
,
,
,
,
,
,
,
,
,
,
,
,
,
,
,
,
,
,
,
,
,
,
,
,
,
,
,
,
,
,
,
,
,
,
,
,
,
,
,
,
,
,
,
,
,
,
,
,
,
,
,
,
,
,
,
,
,
,
,
,
,
,
,
,
,
,
,
,
,
,
,
,
,
,
,
,
,
,
,
,
,
,
,
,
,
,
,
,
,
,
,
,
,
,
,
,
,
,
,
,
,
,
,
,
,
,
,
,
,
,
,
,
,
,
,
,
,
,
,
,
,
,
,
,
,
,
,
,
,
,
,
,
,
,
,
,
,
,
,
,
,
,
,
,
,
,
,
,
,
,
,
,
,
,
,
,
,
,
,
,
,
,
,
,
,
,
,
,
,
,
,
,
,
,
,
,
,
,
,
,
,
,
,
,
,
,
,
,
,
,
,
,
,
,
,
,
,
,
,
,
,
,
,
,
,
,
,
,
,
,
,
,
,
,
,
,
,
,
,
,
,
,
,
,
,
,
,
,
,
,
,
,
,
,
,
,
,
,
,
,
,
,
,
,
,
,
,
,
,
,
,
,
,
,
,
,
,
,
,
,
,
,
,
,
,
,
,
,
,
,
,
,
,
,
,
,
,
,
,
,
,
,
,
,
,
,
,
,
,
,
,
,
,
,
,
,
,
,
,
,
,
,
,
,
,
,
,
,
,
,
,
,
,
,
,
,
,
,
,
,
,
,
,
,
,
,
,
,
,
,
,
,
,
,
,
,
,
,
,
,
,
,
,
,
,
,
,
,
,
,
,
,
,
,
,
,
,
,
,
,
,
,
,
,
,
,
,
,
,
,
,
,
,
,
,
,
,
,
,
,
,
,
,
,
,
,
,
,
,
,
,
,
,
,
,
,
,
,
,
,
,
,
,
,
,
,
,
,
,
,
,
,
,
,
,
,
,
,
,
,
,
,
,
,
,
,
,
,
,
,
,
,
,
,
,
,
,
,
,
,
,
,
,
,
,
,
,
,
,
,
,
,
,
,
,
,
,
,
,
,
,
,
,
,
,
,
,
,
,
,
,
,
,
,
,
,
,
,
,
,
,
,
,
,
,
,
,
,
,
,
,
,
,
,
,
,
,
,
,
,
,
,
,
,
,
,
,
,
,
,
,
,
,
,
,
,
,
,
,
,
,
,
,
,
,
,
,
,
,
,
,
,
,
,
,
,
,
,
,
,
,
,
,
,
,
,
,
,
,
,
,
,
,
,
,
,
,
,
,
,
,
,
,
,
,
,
,
,
,
,
,
,
,
,
,
,
,
,
,
,
,
,
,
,
,
,
,
,
,
,
,
,
,
,
,
,
,
,
,
,
,
,
,
,
,
,
,
,
,
,
,
,
,
,
,
,
,
,
,
,
,
,
,
,
,
,
,
,
,
,
,
,
,
,
,
,
,
,
,
,
,
,
,
,
,
,
,
,
,
,
,
,
,
,
,
,
,
,
,
,
,
,
,
,
,
,
,
,
,
,
,
,
,
,
,
,
,
,
,
,
,
,
,
,
,
,
,
,
,
,
,
,
,
,
,
,
,
,
,
,
,
,
,
,
,
,
,
,
,
,
,
,
,
,
,
,
,
,
,
,
,
,
,
,
,
,
,
,
,
,
,
,
,
,
,
,
,
,
,
,
,
,
,
,
,
,
,
,
,
,
,
,
,
,
,
,
,
,
,
,
,
,
,
,
,
,
,
,
,
,
,
,
,
,
,
,
,
,
,
,
,
,
,
,
,
,
,
,
,
,
,
,
,
,
,
,
,
,
,
,
,
,
,
,
,
,
,
,
,
,
,
,
,
,
,
,
,
,
,
,
,
,
,
,
,
,
,
,
,
,
,
,
,
,
,
,
,
,
,
,
,
,
,
,
,
,
,
,
,
,
,
,
,
,
,
,
,
,
,
,
,
,
,
,
,
,
,
,
,
,
,
,
,
,
,
,
,
,
,
,
,
,
,
,
,
,
,
,
,
,
,
,
,
,
,
,
,
,
,
,
,
,
,
,
,
,
,
,
,
,
,
,
,
,
,
,
,
,
,
,
,
,
,
,
,
,
,
,
,
,
,
,
,
,
,
,
,
,
,
,
,
,
,
,
,
,
,
,
,
,
,
,
,
,
,
,
,
,
,
,
,
,
,
,
,
,
,
,
,
,
,
,
,
,
,
,
,
,
,
,
,
,
,
,
,
,
,
,
,
,
,
,
,
,
,
,
,
,
,
,
,
,
,
,
,
,
,
,
,
,
,
,
,
,
,
,
,
,
,
,
,
,
,
,
,
,
,
,
,
,
,
,
,
,
,
,
,
,
,
,
,
,
,
,
,
,
,
,
,
,
,
,
,
,
,
,
,
,
,
,
,
,
,
,
,
,
,
,
,
,
,
,
,
,
,
,
,
,
,
,
,
,
,
,
,
,
,
,
,
,
,
,
,
,
,
,
,
,
,
,
,
,
,
,
,
,
,
,
,
,
,
,
,
,
,
,
,
,
,
,
,
,
,
,
,
,
,
,
,
,
,
,
,
,
,
,
,
,
,
,
,
,
,
,
,
,
,
,
,
,
,
,
,
,
,
,
,
,
,
,
,
,
,
,
,
,
,
,
,
,
,
,
,
,
,
,
,
,
,
,
,
,
,
,
,
,
,
,
,
,
,
,
,
,
,
,
,
,
,
,
,
,
,
,
,
,
,
,
,
,
,
,
,
,
,
,
,
,
,
,
,
,
,
,
,
,
,
,
,
,
,
,
,
,
,
,
,
,
,
,
,
,
,
,
,
,
,
,
,
,
,
,
,
,
,
,
,
,
,
,
,
,
,
,
,
,
,
,
,
,
,
,
,
,
,
,
,
,
,
,
,
,
,
,
,
,
,
,
,
,
,
,
,
,
,
,
,
,
,
,
,
,
,
,
,
,
,
,
,
,
,
,
,
,
,
,
,
,
,
,
,
,
,
,
,
,
,
,
,
,
,
,
,
,
,
,
,
,
,
,
,
,
,
,
,
,
,
,
,
,
,
,
,
,
,
,
,
,
,
,
,
,
,
,
,
,
,
,
,
,
,
,
,
,
,
,
,
,
,
,
,
,
,
,
,
,
,
,
,
,
,
,
,
,
,
,
,
,
,
,
,
,
,
,
,
,
,
,
,
,
,
,
,
,
,
,
,
,
,
,
,
,
,
,
,
,
,
,
,
,
,
,
,
,
,
,
,
,
,
,
,
,
,
,
,
,
,
,
,
,
,
,
,
,
,
,
,
,
,
,
,
,
,
,
,
,
,
,
,
,
,
,
,
,
,
,
,
,
,
,
,
,
,
,
,
,
,
,
,
,
,
,
,
,
,
,
,
,
,
,
,
,
,
,
,
,
,
,
,
,
,
,
,
,
,
,
,
,
,
,
,
,
,
,
,
,
,
,
,
,
,
,
,
,
,
,
,
,
,
,
,
,
,
,
,
,
,
,
,
,
,
,
,
,
,
,
,
,
,
,
,
,
,
,
,
,
,
,
,
,
,
,
,
,
,
,
,
,
,
,
,
,
,
,
,
,
,
,
,
,
,
,
,
,
,
,
,
,
,
,
,
,
,
,
,
,
,
,
,
,
,
,
,
,
,
,
,
,
,
,
,
,
,
,
,
,
,
,
,
,
,
,
,
,
,
,
,
,
,
,
,
,
,
,
,
,
,
,
,
,
,
,
,
,
,
,
,
,
,
,
,
,
,
,
,
,
,
,
,
,
,
,
,
,
,
,
,
,
,
,
,
,
,
,
,
,
,
,
,
,
,
,
,
,
,
,
,
,
,
,
,
,
,
,
,
,
,
,
,
,
,
,
,
,
,
,
,
,
,
,
,
,
,
,
,
,
,
,
,
,
,
,
,
,
,
,
,
,
,
,
,
,
,
,
,
,
,
,
,
,
,
,
,
,
,
,
,
,
,
,
,
,
,
,
,
,
,
,
,
,
,
,
,
,
,
,
,
,
,
,
,
,
,
,
,
,
,
,
,
,
,
,
,
,
,
,
,
,
,
,
,
,
,
,
,
,
,
,
,
,
,
,
,
,
,
,
,
,
,
,
,
,
,
,
,
,
,
,
,
,
,
,
,
,
,
,
,
,
,
,
,
,
,
,
,
,
,
,
,
,
,
,
,
,
,
,
,
,
,
,
,
,
,
,
,
,
,
,
,
,
,
,
,
,
,
,
,
,
,
,
,
,
,
,
,
,
,
,
,
,
,
,
,
,
,
,
,
,
,
,
,
,
,
,
,
,
,
,
,
,
,
,
,
,
,
,
,
,
,
,
,
,
,
,
,
,
,
,
,
,
,
,
,
,
,
,
,
,
,
,
,
,
,
,
,
,
,
,
,
,
,
,
,
,
,
,
,
,
,
,
,
,
,
,
,
,
,
,
,
,
,
,
,
,
,
,
,
,
,
,
,
,
,
,
,
,
,
,
,
,
,
,
,
,
,
,
,
,
,
,
,
,
,
,
,
,
,
,
,
,
,
,
,
,
,
,
,
,
,
,
,
,
,
,
,
,
,
,
,
,
,
,
,
,
,
,
,
,
,
,
,
,
,
,
,
,
,
,
,
,
,
,
,
,
,
,
,
,
,
,
,
,
,
,
,
,
,
,
,
,
,
,
,
,
,
,
,
,
,
,
,
,
,
,
,
,
,
,
,
,
,
,
,
,
,
,
,
,
,
,
,
,
,
,
,
,
,
,
,
,
,
,
,
,
,
,
,
,
,
,
,
,
,
,
,
,
,
,
,
,
,
,
,
,
,
,
,
,
,
,
,
,
,
,
,
,
,
,
,
,
,
,
,
,
,
,
,
,
,
,
,
,
,
,
,
,
,
,
,
,
,
,
,
,
,
,
,
,
,
,
,
,
,
,
,
,
,
,
,
,
,
,
,
,
,
,
,
,
,
,
,
,
,
,
,
,
,
,
,
,
,
,
,
,
,
,
,
,
,
,
,
,
,
,
,
,
,
,
,
,
,
,
,
,
,
,
,
,
,
,
,
,
,
,
,
,
,
,
,
,
,
,
,
,
,
,
,
,
,
,
,
,
,
,
,
,
,
,
,
,
,
,
,
,
,
,
,
,
,
,
,
,
,
,
,
,
,
,
,
,
,
,
,
,
,
,
,
,
,
,
,
,
,
,
,
,
,
,
,
,
,
,
,
,
,
,
,
,
,
,
,
,
,
,
,
,
,
,
,
,
,
,
,
,
,
,
,
,
,
,
,
,
,
,
,
,
,
,
,
,
,
,
,
,
,
,
,
,
,
,
,
,
,
,
,
,
,
,
,
,
,
,
,
,
,
,
,
,
,
,
,
,
,
,
,
,
,
,
,
,
,
,
,
,
,
,
,
,
,
,
,
,
,
,
,
,
,
,
,
,
,
,
,
,
,
,
,
,
,
,
,
,
,
,
,
,
,
,
,
,
,
,
,
,
,
,
,
,
,
,
,
,
,
,
,
,
,
,
,
,
,
,
,
,
,
,
,
,
,
,
,
,
,
,
,
,
,
,
,
,
,
,
,
,
,
,
,
,
,
,
,
,
,
,
,
,
,
,
,
,
,
,
,
,
,
,
,
,
,
,
,
,
,
,
,
,
,
,
,
,
,
,
,
,
,
,
,
,
,
,
,
,
,
,
,
,
,
,
,
,
,
,
,
,
,
,
,
,
,
,
,
,
,
,
,
,
,
,
,
,
,
,
,
,
,
,
,
,
,
,
,
,
,
,
,
,
,
,
,
,
,
,
,
,
,
,
,
,
,
,
,
,
,
,
,
,
,
,
,
,
,
,
,
,
,
,
,
,
,
,
,
,
,
,
,
,
,
,
,
,
,
,
,
,
,
,
,
,
,
,
,
,
,
,
,
,
,
,
,
,
,
,
,
,
,
,
,
,
,
,
,
,
,
,
,
,
,
,
,
,
,
,
,
,
,
,
,
,
,
,
,
,
,
,
,
,
,
,
,
,
,
,
,
,
,
,
,
,
,
,
,
,
,
,
,
,
,
,
,
,
,
,
,
,
,
,
,
,
,
,
,
,
,
,
,
,
,
,
,
,
,
,
,
,
,
,
,
,
,
,
,
,
,
,
,
,
,
,
,
,
,
,
,
,
,
,
,
,
,
,
,
,
,
,
,
,
,
,
,
,
,
,
,
,
,
,
,
,
,
,
,
,
,
,
,
,
,
,
,
,
,
,
,
,
,
,
,
,
,
,
,
,
,
,
,
,
,
,
,
,
,
,
,
,
,
,
,
,
,
,
,
,
,
,
,
,
,
,
,
,
,
,
,
,
,
,
,
,
,
,
,
,
,
,
,
,
,
,
,
,
,
,
,
,
,
,
,
,
,
,
,
,
,
,
,
,
,
,
,
,
,
,
,
,
,
,
,
,
,
,
,
,
,
,
,
,
,
,
,
,
,
,
,
,
,
,
,
,
,
,
,
,
,
,
,
,
,
,
,
,
,
,
,
,
,
,
,
,
,
,
,
,
,
,
,
,
,
,
,
,
,
,
,
,
,
,
,
,
,
,
,
,
,
,
,
,
,
,
,
,
,
,
,
,
,
,
,
,
,
,
,
,
,
,
,
,
,
,
,
,
,
,
,
,
,
,
,
,
,
,
,
,
,
,
,
,
,
,
,
,
,
,
,
,
,
,
,
,
,
,
,
,
,
,
,
,
,
,
,
,
,
,
,
,
,
,
,
,
,
,
,
,
,
,
,
,
,
,
,
,
,
,
,
,
,
,
,
,
,
,
,
,
,
,
,
,
,
,
,
,
,
,
,
,
,
,
,
,
,
,
,
,
,
,
,
,
,
,
,
,
,
,
,
,
,
,
,
,
,
,
,
,
,
,
,
,
,
,
,
,
,
,
,
,
,
,
,
,
,
,
,
,
,
,
,
,
,
,
,
,
,
,
,
,
,
,
,
,
,
,
,
,
,
,
,
,
,
,
,
,
,
,
,
,
,
,
,
,
,
,
,
,
,
,
,
,
,
,
,
,
,
,
,
,
,
,
,
,
,
,
,
,
,
,
,
,
,
,
,
,
,
,
,
,
,
,
,
,
,
,
,
,
,
,
,
,
,
,
,
,
,
,
,
,
,
,
,
,
,
,
,
,
,
,
,
,
,
,
,
,
,
,
,
,
,
,
,
,
,
,
,
,
,
,
,
,
,
,
,
,
,
,
,
,
,
,
,
,
,
,
,
,
,
,
,
,
,
,
,
,
,
,
,
,
,
,
,
,
,
,
,
,
,
,
,
,
,
,
,
,
,
,
,
,
,
,
,
,
,
,
,
,
,
,
,
,
,
,
,
,
,
,
,
,
,
,
,
,
,
,
,
,
,
,
,
,
,
,
,
,
,
,
,
,
,
,
,
,
,
,
,
,
,
,
,
,
,
,
,
,
,
,
,
,
,
,
,
,
,
,
,
,
,
,
,
,
,
,
