Student,Exam1,Exam2,Exam3,Homework
DeShawn,89,92,93,95
Marie,92,91,94,95
Bob,75,77,72,97
Eloise,82,86,88,85
Kayla,85,91,83,100
Jake,92,77,92,86
Kerrin,80,85,82,97
Karime,80,96,94,85
Tyler,79,94,80,83
Irene,97,80,75,91
Midlie,96,88,97,82
Belen,93,87,94,85
Noa,80,77,90,92
Vincent,96,95,77,96
Tessa,82,84,88,83
Rupali,98,80,77,94
Emily ,84,79,92,75
Erin,89,93,86,94
Magdalena,89,87,92,92
Amber ,81,89,98,81
Ariana,96,85,89,78
Jocelyn,89,95,92,92
Drake,80,91,87,83
Andrew,92,82,93,85