,CaptureEventID,Date,Time (24 hour),Month (1=Jan.),Year,Species,Number Of Animals,Standing,Resting,Moving,Eating,Interacting,Babies,Camera Site,Longitude (m),Latitude (m),Habitat,Amount of Shade,Distance to River (m),Distance to Confluence (m),Distance to Kopje (m),Tree Density Measure,Lion Risk (Wet),Lion Risk (Dry),Greeness (Wet),Greeness (Dry),Camera Mount
1,ASG0002kjh,7/18/10,4:26:14 PM,7,2010,human,1,1,0,0,0,1,0,B04,695238,9729497,Dense Woodland,3,1649.2395,2218.615169,6847.218456,7.285714286,0.000496262,0.000477992,5979.5,3844,Tree
2,ASG0002kji,7/18/10,4:26:30 PM,7,2010,human,2,0,1,0,0,0,0,B04,695238,9729497,Dense Woodland,3,1649.2395,2218.615169,6847.218456,7.285714286,0.000496262,0.000477992,5979.5,3844,Tree
3,ASG0002kjm,7/24/10,8:20:10 AM,7,2010,gazelleGrants,1,0,0,1,0,0,0,B04,695238,9729497,Dense Woodland,3,1649.2395,2218.615169,6847.218456,7.285714286,0.000496262,0.000477992,5979.5,3844,Tree
4,ASG0002kjn,7/24/10,10:14:32 AM,7,2010,reedbuck,1,1,0,0,0,0,0,B04,695238,9729497,Dense Woodland,3,1649.2395,2218.615169,6847.218456,7.285714286,0.000496262,0.000477992,5979.5,3844,Tree
5,ASG0002kjo,7/30/10,3:59:42 AM,7,2010,dikDik,1,1,0,0,0,0,0,B04,695238,9729497,Dense Woodland,3,1649.2395,2218.615169,6847.218456,7.285714286,0.000496262,0.000477992,5979.5,3844,Tree
6,ASG0002kjp,7/30/10,5:20:22 AM,7,2010,zebra,1,1,0,0,0,0,0,B04,695238,9729497,Dense Woodland,3,1649.2395,2218.615169,6847.218456,7.285714286,0.000496262,0.000477992,5979.5,3844,Tree
7,ASG0002kjs,7/30/10,8:57:28 PM,7,2010,zebra,1,0,0,0,1,0,0,B04,695238,9729497,Dense Woodland,3,1649.2395,2218.615169,6847.218456,7.285714286,0.000496262,0.000477992,5979.5,3844,Tree
8,ASG0002kjt,8/1/10,5:35:58 PM,8,2010,gazelleGrants,3,1,0,0,0,0,0,B04,695238,9729497,Dense Woodland,3,1649.2395,2218.615169,6847.218456,7.285714286,0.000496262,0.000477992,5979.5,3844,Tree
9,ASG0002kjx,8/5/10,2:24:04 AM,8,2010,zebra,1,1,0,0,0,0,0,B04,695238,9729497,Dense Woodland,3,1649.2395,2218.615169,6847.218456,7.285714286,0.000496262,0.000477992,5979.5,3844,Tree
10,ASG0002kjy,8/5/10,2:29:02 AM,8,2010,zebra,1,1,0,0,0,0,0,B04,695238,9729497,Dense Woodland,3,1649.2395,2218.615169,6847.218456,7.285714286,0.000496262,0.000477992,5979.5,3844,Tree
11,ASG0002kk0,8/5/10,2:57:04 AM,8,2010,zebra,1,1,0,0,0,0,0,B04,695238,9729497,Dense Woodland,3,1649.2395,2218.615169,6847.218456,7.285714286,0.000496262,0.000477992,5979.5,3844,Tree
12,ASG0002kk2,8/10/10,6:35:06 PM,8,2010,human,1,0,0,1,0,0,0,B04,695238,9729497,Dense Woodland,3,1649.2395,2218.615169,6847.218456,7.285714286,0.000496262,0.000477992,5979.5,3844,Tree
13,ASG0002kk3,8/10/10,6:41:06 PM,8,2010,human,1,0,0,0,0,1,0,B04,695238,9729497,Dense Woodland,3,1649.2395,2218.615169,6847.218456,7.285714286,0.000496262,0.000477992,5979.5,3844,Tree
14,ASG0002kk4,8/10/10,6:41:30 PM,8,2010,human,1,1,0,0,0,0,0,B04,695238,9729497,Dense Woodland,3,1649.2395,2218.615169,6847.218456,7.285714286,0.000496262,0.000477992,5979.5,3844,Tree
15,ASG0002kk4,8/10/10,6:41:30 PM,8,2010,human,1,1,0,0,0,0,0,B04,695238,9729497,Dense Woodland,3,1649.2395,2218.615169,6847.218456,7.285714286,0.000496262,0.000477992,5979.5,3844,Tree
16,ASG0002kk4,8/10/10,6:41:30 PM,8,2010,human,1,1,0,0,0,0,0,B04,695238,9729497,Dense Woodland,3,1649.2395,2218.615169,6847.218456,7.285714286,0.000496262,0.000477992,5979.5,3844,Tree
17,ASG0002kk5,8/10/10,6:43:08 PM,8,2010,human,1,0,0,0,0,1,0,B04,695238,9729497,Dense Woodland,3,1649.2395,2218.615169,6847.218456,7.285714286,0.000496262,0.000477992,5979.5,3844,Tree
18,ASG0002kk5,8/10/10,6:43:08 PM,8,2010,human,1,0,0,0,0,1,0,B04,695238,9729497,Dense Woodland,3,1649.2395,2218.615169,6847.218456,7.285714286,0.000496262,0.000477992,5979.5,3844,Tree
19,ASG0002kk5,8/10/10,6:43:08 PM,8,2010,human,1,0,0,0,0,1,0,B04,695238,9729497,Dense Woodland,3,1649.2395,2218.615169,6847.218456,7.285714286,0.000496262,0.000477992,5979.5,3844,Tree
20,ASG0002kk6,8/10/10,6:44:12 PM,8,2010,human,1,0,0,1,0,0,0,B04,695238,9729497,Dense Woodland,3,1649.2395,2218.615169,6847.218456,7.285714286,0.000496262,0.000477992,5979.5,3844,Tree
21,ASG0002kk6,8/10/10,6:44:12 PM,8,2010,human,1,0,0,1,0,0,0,B04,695238,9729497,Dense Woodland,3,1649.2395,2218.615169,6847.218456,7.285714286,0.000496262,0.000477992,5979.5,3844,Tree
22,ASG0002kk6,8/10/10,6:44:12 PM,8,2010,human,1,0,0,1,0,0,0,B04,695238,9729497,Dense Woodland,3,1649.2395,2218.615169,6847.218456,7.285714286,0.000496262,0.000477992,5979.5,3844,Tree
23,ASG0002kk7,8/10/10,6:44:46 PM,8,2010,human,1,1,0,0,0,0,0,B04,695238,9729497,Dense Woodland,3,1649.2395,2218.615169,6847.218456,7.285714286,0.000496262,0.000477992,5979.5,3844,Tree
24,ASG0002kk7,8/10/10,6:44:46 PM,8,2010,human,1,1,0,0,0,0,0,B04,695238,9729497,Dense Woodland,3,1649.2395,2218.615169,6847.218456,7.285714286,0.000496262,0.000477992,5979.5,3844,Tree
25,ASG0002kk7,8/10/10,6:44:46 PM,8,2010,human,1,1,0,0,0,0,0,B04,695238,9729497,Dense Woodland,3,1649.2395,2218.615169,6847.218456,7.285714286,0.000496262,0.000477992,5979.5,3844,Tree
26,ASG0002kk9,8/20/10,3:37:00 AM,8,2010,porcupine,1,0,0,1,0,0,0,B04,695238,9729497,Dense Woodland,3,1649.2395,2218.615169,6847.218456,7.285714286,0.000496262,0.000477992,5979.5,3844,Tree
27,ASG0002kk9,8/20/10,3:37:00 AM,8,2010,porcupine,1,0,0,1,0,0,0,B04,695238,9729497,Dense Woodland,3,1649.2395,2218.615169,6847.218456,7.285714286,0.000496262,0.000477992,5979.5,3844,Tree
28,ASG0002kk9,8/20/10,3:37:00 AM,8,2010,porcupine,1,0,0,1,0,0,0,B04,695238,9729497,Dense Woodland,3,1649.2395,2218.615169,6847.218456,7.285714286,0.000496262,0.000477992,5979.5,3844,Tree
29,ASG0002kka,8/24/10,9:27:50 AM,8,2010,human,1,0,0,1,0,0,0,B04,695238,9729497,Dense Woodland,3,1649.2395,2218.615169,6847.218456,7.285714286,0.000496262,0.000477992,5979.5,3844,Tree
30,ASG0002kka,8/24/10,9:27:50 AM,8,2010,human,1,0,0,1,0,0,0,B04,695238,9729497,Dense Woodland,3,1649.2395,2218.615169,6847.218456,7.285714286,0.000496262,0.000477992,5979.5,3844,Tree
31,ASG0002kka,8/24/10,9:27:50 AM,8,2010,human,1,0,0,1,0,0,0,B04,695238,9729497,Dense Woodland,3,1649.2395,2218.615169,6847.218456,7.285714286,0.000496262,0.000477992,5979.5,3844,Tree
32,ASG0000013,7/20/10,12:08:30 PM,7,2010,human,1,1,0,0,0,0,0,B06,694963,9724748,Dense Woodland,1.5,2935.747739,1104.754274,4573.639611,6.342857143,0.000579536,0.001216255,5703.222222,4065.888889,Tree
33,ASG0000014,7/20/10,12:09:02 PM,7,2010,human,1,0,0,1,0,0,0,B06,694963,9724748,Dense Woodland,1.5,2935.747739,1104.754274,4573.639611,6.342857143,0.000579536,0.001216255,5703.222222,4065.888889,Tree
34,ASG0000019,7/21/10,5:55:46 AM,7,2010,elephant,1,1,0,0,0,0,0,B06,694963,9724748,Dense Woodland,1.5,2935.747739,1104.754274,4573.639611,6.342857143,0.000579536,0.001216255,5703.222222,4065.888889,Tree
35,ASG000001a,7/21/10,5:27:14 PM,7,2010,elephant,1,0,0,1,0,0,0,B06,694963,9724748,Dense Woodland,1.5,2935.747739,1104.754274,4573.639611,6.342857143,0.000579536,0.001216255,5703.222222,4065.888889,Tree
36,ASG000001b,7/22/10,4:49:22 AM,7,2010,leopard,1,0,0,1,0,0,0,B06,694963,9724748,Dense Woodland,1.5,2935.747739,1104.754274,4573.639611,6.342857143,0.000579536,0.001216255,5703.222222,4065.888889,Tree
37,ASG000001d,7/22/10,7:47:24 AM,7,2010,giraffe,1,1,0,0,0,0,0,B06,694963,9724748,Dense Woodland,1.5,2935.747739,1104.754274,4573.639611,6.342857143,0.000579536,0.001216255,5703.222222,4065.888889,Tree
38,ASG000001h,7/23/10,8:27:38 AM,7,2010,dikDik,1,1,0,0,0,0,0,B06,694963,9724748,Dense Woodland,1.5,2935.747739,1104.754274,4573.639611,6.342857143,0.000579536,0.001216255,5703.222222,4065.888889,Tree
39,ASG000001k,7/25/10,7:14:14 AM,7,2010,gazelleThomsons,1,1,0,0,0,0,0,B06,694963,9724748,Dense Woodland,1.5,2935.747739,1104.754274,4573.639611,6.342857143,0.000579536,0.001216255,5703.222222,4065.888889,Tree
40,ASG000001m,7/25/10,8:49:18 AM,7,2010,impala,6,1,0,0,1,0,0,B06,694963,9724748,Dense Woodland,1.5,2935.747739,1104.754274,4573.639611,6.342857143,0.000579536,0.001216255,5703.222222,4065.888889,Tree
41,ASG000001n,7/25/10,8:55:54 AM,7,2010,impala,1,1,0,1,0,0,0,B06,694963,9724748,Dense Woodland,1.5,2935.747739,1104.754274,4573.639611,6.342857143,0.000579536,0.001216255,5703.222222,4065.888889,Tree
42,ASG000001t,7/28/10,12:18:24 AM,7,2010,reedbuck,1,1,0,0,0,0,0,B06,694963,9724748,Dense Woodland,1.5,2935.747739,1104.754274,4573.639611,6.342857143,0.000579536,0.001216255,5703.222222,4065.888889,Tree
43,ASG000001u,7/28/10,12:25:14 AM,7,2010,dikDik,1,0,0,1,0,0,0,B06,694963,9724748,Dense Woodland,1.5,2935.747739,1104.754274,4573.639611,6.342857143,0.000579536,0.001216255,5703.222222,4065.888889,Tree
44,ASG000001x,7/29/10,10:47:32 AM,7,2010,zebra,5,1,0,0,0,0,0,B06,694963,9724748,Dense Woodland,1.5,2935.747739,1104.754274,4573.639611,6.342857143,0.000579536,0.001216255,5703.222222,4065.888889,Tree
45,ASG000001y,7/29/10,10:51:52 AM,7,2010,zebra,1,0,0,1,0,0,0,B06,694963,9724748,Dense Woodland,1.5,2935.747739,1104.754274,4573.639611,6.342857143,0.000579536,0.001216255,5703.222222,4065.888889,Tree
46,ASG0000023,7/31/10,10:51:36 AM,7,2010,elephant,2,0,0,1,0,0,0,B06,694963,9724748,Dense Woodland,1.5,2935.747739,1104.754274,4573.639611,6.342857143,0.000579536,0.001216255,5703.222222,4065.888889,Tree
47,ASG0000024,7/31/10,10:54:42 AM,7,2010,elephant,3,1,0,0,0,0,0,B06,694963,9724748,Dense Woodland,1.5,2935.747739,1104.754274,4573.639611,6.342857143,0.000579536,0.001216255,5703.222222,4065.888889,Tree
48,ASG0000025,7/31/10,12:19:46 PM,7,2010,elephant,6,0,0,1,0,0,0,B06,694963,9724748,Dense Woodland,1.5,2935.747739,1104.754274,4573.639611,6.342857143,0.000579536,0.001216255,5703.222222,4065.888889,Tree
49,ASG0000026,7/31/10,3:26:40 PM,7,2010,gazelleGrants,1,1,0,0,0,0,0,B06,694963,9724748,Dense Woodland,1.5,2935.747739,1104.754274,4573.639611,6.342857143,0.000579536,0.001216255,5703.222222,4065.888889,Tree
50,ASG000002c,8/1/10,4:28:02 PM,8,2010,zebra,1,1,0,0,0,0,0,B06,694963,9724748,Dense Woodland,1.5,2935.747739,1104.754274,4573.639611,6.342857143,0.000579536,0.001216255,5703.222222,4065.888889,Tree
51,ASG000002e,8/2/10,3:22:52 PM,8,2010,elephant,1,1,0,0,0,0,0,B06,694963,9724748,Dense Woodland,1.5,2935.747739,1104.754274,4573.639611,6.342857143,0.000579536,0.001216255,5703.222222,4065.888889,Tree
52,ASG000002f,8/2/10,3:25:58 PM,8,2010,elephant,3,1,0,0,0,0,1,B06,694963,9724748,Dense Woodland,1.5,2935.747739,1104.754274,4573.639611,6.342857143,0.000579536,0.001216255,5703.222222,4065.888889,Tree
53,ASG000002m,8/3/10,5:35:48 AM,8,2010,elephant,1,0,0,1,0,0,0,B06,694963,9724748,Dense Woodland,1.5,2935.747739,1104.754274,4573.639611,6.342857143,0.000579536,0.001216255,5703.222222,4065.888889,Tree
54,ASG000002n,8/3/10,8:57:56 AM,8,2010,impala,1,0,0,1,0,0,0,B06,694963,9724748,Dense Woodland,1.5,2935.747739,1104.754274,4573.639611,6.342857143,0.000579536,0.001216255,5703.222222,4065.888889,Tree
55,ASG000002o,8/3/10,11:11:06 AM,8,2010,impala,2,1,0,0,1,0,0,B06,694963,9724748,Dense Woodland,1.5,2935.747739,1104.754274,4573.639611,6.342857143,0.000579536,0.001216255,5703.222222,4065.888889,Tree
56,ASG000002p,8/3/10,11:14:12 AM,8,2010,impala,1,1,0,0,0,0,0,B06,694963,9724748,Dense Woodland,1.5,2935.747739,1104.754274,4573.639611,6.342857143,0.000579536,0.001216255,5703.222222,4065.888889,Tree
57,ASG000002q,8/3/10,11:27:02 AM,8,2010,gazelleGrants,1,1,0,0,0,0,0,B06,694963,9724748,Dense Woodland,1.5,2935.747739,1104.754274,4573.639611,6.342857143,0.000579536,0.001216255,5703.222222,4065.888889,Tree
58,ASG000002r,8/3/10,11:35:40 AM,8,2010,gazelleGrants,1,1,0,0,0,0,0,B06,694963,9724748,Dense Woodland,1.5,2935.747739,1104.754274,4573.639611,6.342857143,0.000579536,0.001216255,5703.222222,4065.888889,Tree
59,ASG000002s,8/3/10,12:43:40 PM,8,2010,gazelleGrants,1,1,0,0,0,0,0,B06,694963,9724748,Dense Woodland,1.5,2935.747739,1104.754274,4573.639611,6.342857143,0.000579536,0.001216255,5703.222222,4065.888889,Tree
60,ASG000002t,8/3/10,1:12:12 PM,8,2010,impala,1,1,0,0,0,0,0,B06,694963,9724748,Dense Woodland,1.5,2935.747739,1104.754274,4573.639611,6.342857143,0.000579536,0.001216255,5703.222222,4065.888889,Tree
61,ASG000002u,8/3/10,1:36:34 PM,8,2010,elephant,3,0,0,1,0,0,0,B06,694963,9724748,Dense Woodland,1.5,2935.747739,1104.754274,4573.639611,6.342857143,0.000579536,0.001216255,5703.222222,4065.888889,Tree
62,ASG000002v,8/3/10,1:39:44 PM,8,2010,elephant,1,1,0,0,0,0,0,B06,694963,9724748,Dense Woodland,1.5,2935.747739,1104.754274,4573.639611,6.342857143,0.000579536,0.001216255,5703.222222,4065.888889,Tree
63,ASG000002w,8/3/10,1:43:00 PM,8,2010,elephant,4,1,0,1,0,0,0,B06,694963,9724748,Dense Woodland,1.5,2935.747739,1104.754274,4573.639611,6.342857143,0.000579536,0.001216255,5703.222222,4065.888889,Tree
64,ASG000002x,8/3/10,1:48:56 PM,8,2010,elephant,1,1,0,0,0,0,0,B06,694963,9724748,Dense Woodland,1.5,2935.747739,1104.754274,4573.639611,6.342857143,0.000579536,0.001216255,5703.222222,4065.888889,Tree
65,ASG000002y,8/4/10,4:55:18 AM,8,2010,dikDik,1,0,0,1,0,0,0,B06,694963,9724748,Dense Woodland,1.5,2935.747739,1104.754274,4573.639611,6.342857143,0.000579536,0.001216255,5703.222222,4065.888889,Tree
66,ASG0000030,8/4/10,12:07:12 PM,8,2010,gazelleGrants,1,0,0,1,0,0,0,B06,694963,9724748,Dense Woodland,1.5,2935.747739,1104.754274,4573.639611,6.342857143,0.000579536,0.001216255,5703.222222,4065.888889,Tree
67,ASG0000031,8/4/10,12:20:04 PM,8,2010,impala,1,1,0,1,0,0,0,B06,694963,9724748,Dense Woodland,1.5,2935.747739,1104.754274,4573.639611,6.342857143,0.000579536,0.001216255,5703.222222,4065.888889,Tree
68,ASG0000033,8/5/10,10:57:14 AM,8,2010,gazelleGrants,2,1,0,0,0,0,0,B06,694963,9724748,Dense Woodland,1.5,2935.747739,1104.754274,4573.639611,6.342857143,0.000579536,0.001216255,5703.222222,4065.888889,Tree
69,ASG0000034,8/5/10,11:04:56 AM,8,2010,gazelleGrants,1,0,0,1,0,0,0,B06,694963,9724748,Dense Woodland,1.5,2935.747739,1104.754274,4573.639611,6.342857143,0.000579536,0.001216255,5703.222222,4065.888889,Tree
70,ASG0000036,8/6/10,4:53:24 PM,8,2010,impala,1,1,0,0,0,0,0,B06,694963,9724748,Dense Woodland,1.5,2935.747739,1104.754274,4573.639611,6.342857143,0.000579536,0.001216255,5703.222222,4065.888889,Tree
71,ASG0000038,8/7/10,9:07:04 AM,8,2010,impala,1,1,0,1,0,0,0,B06,694963,9724748,Dense Woodland,1.5,2935.747739,1104.754274,4573.639611,6.342857143,0.000579536,0.001216255,5703.222222,4065.888889,Tree
72,ASG000003d,8/10/10,5:15:02 PM,8,2010,human,1,0,0,1,0,0,0,B06,694963,9724748,Dense Woodland,1.5,2935.747739,1104.754274,4573.639611,6.342857143,0.000579536,0.001216255,5703.222222,4065.888889,Tree
73,ASG0002kpo,8/10/10,5:19:00 PM,8,2010,human,1,1,0,0,0,0,0,B06,694963,9724748,Dense Woodland,1.5,2935.747739,1104.754274,4573.639611,6.342857143,0.000579536,0.001216255,5703.222222,4065.888889,Tree
74,ASG0002kpp,8/10/10,5:20:18 PM,8,2010,human,1,1,0,0,0,0,0,B06,694963,9724748,Dense Woodland,1.5,2935.747739,1104.754274,4573.639611,6.342857143,0.000579536,0.001216255,5703.222222,4065.888889,Tree
75,ASG0002kpq,8/10/10,5:20:32 PM,8,2010,human,1,0,0,1,0,0,0,B06,694963,9724748,Dense Woodland,1.5,2935.747739,1104.754274,4573.639611,6.342857143,0.000579536,0.001216255,5703.222222,4065.888889,Tree
76,ASG0002kpq,8/10/10,5:20:32 PM,8,2010,human,1,0,0,1,0,0,0,B06,694963,9724748,Dense Woodland,1.5,2935.747739,1104.754274,4573.639611,6.342857143,0.000579536,0.001216255,5703.222222,4065.888889,Tree
77,ASG0002kpq,8/10/10,5:20:32 PM,8,2010,human,1,0,0,1,0,0,0,B06,694963,9724748,Dense Woodland,1.5,2935.747739,1104.754274,4573.639611,6.342857143,0.000579536,0.001216255,5703.222222,4065.888889,Tree
78,ASG0002kpr,8/11/10,8:06:18 AM,8,2010,impala,1,1,0,0,0,0,0,B06,694963,9724748,Dense Woodland,1.5,2935.747739,1104.754274,4573.639611,6.342857143,0.000579536,0.001216255,5703.222222,4065.888889,Tree
79,ASG0002kpr,8/11/10,8:06:18 AM,8,2010,impala,1,1,0,0,0,0,0,B06,694963,9724748,Dense Woodland,1.5,2935.747739,1104.754274,4573.639611,6.342857143,0.000579536,0.001216255,5703.222222,4065.888889,Tree
80,ASG0002kpr,8/11/10,8:06:18 AM,8,2010,impala,1,1,0,0,0,0,0,B06,694963,9724748,Dense Woodland,1.5,2935.747739,1104.754274,4573.639611,6.342857143,0.000579536,0.001216255,5703.222222,4065.888889,Tree
81,ASG0002kps,8/11/10,8:08:10 AM,8,2010,impala,1,0,0,1,0,0,0,B06,694963,9724748,Dense Woodland,1.5,2935.747739,1104.754274,4573.639611,6.342857143,0.000579536,0.001216255,5703.222222,4065.888889,Tree
82,ASG0002kps,8/11/10,8:08:10 AM,8,2010,impala,1,0,0,1,0,0,0,B06,694963,9724748,Dense Woodland,1.5,2935.747739,1104.754274,4573.639611,6.342857143,0.000579536,0.001216255,5703.222222,4065.888889,Tree
83,ASG0002kps,8/11/10,8:08:10 AM,8,2010,impala,1,0,0,1,0,0,0,B06,694963,9724748,Dense Woodland,1.5,2935.747739,1104.754274,4573.639611,6.342857143,0.000579536,0.001216255,5703.222222,4065.888889,Tree
84,ASG0002kpt,8/11/10,5:12:48 PM,8,2010,gazelleGrants,2,0,0,1,0,0,0,B06,694963,9724748,Dense Woodland,1.5,2935.747739,1104.754274,4573.639611,6.342857143,0.000579536,0.001216255,5703.222222,4065.888889,Tree
85,ASG0002kpt,8/11/10,5:12:48 PM,8,2010,gazelleGrants,2,0,0,1,0,0,0,B06,694963,9724748,Dense Woodland,1.5,2935.747739,1104.754274,4573.639611,6.342857143,0.000579536,0.001216255,5703.222222,4065.888889,Tree
86,ASG0002kpt,8/11/10,5:12:48 PM,8,2010,gazelleGrants,2,0,0,1,0,0,0,B06,694963,9724748,Dense Woodland,1.5,2935.747739,1104.754274,4573.639611,6.342857143,0.000579536,0.001216255,5703.222222,4065.888889,Tree
87,ASG0002kpu,8/11/10,5:17:36 PM,8,2010,gazelleGrants,1,0,0,1,0,0,0,B06,694963,9724748,Dense Woodland,1.5,2935.747739,1104.754274,4573.639611,6.342857143,0.000579536,0.001216255,5703.222222,4065.888889,Tree
88,ASG0002kpu,8/11/10,5:17:36 PM,8,2010,gazelleGrants,1,0,0,1,0,0,0,B06,694963,9724748,Dense Woodland,1.5,2935.747739,1104.754274,4573.639611,6.342857143,0.000579536,0.001216255,5703.222222,4065.888889,Tree
89,ASG0002kpu,8/11/10,5:17:36 PM,8,2010,gazelleGrants,1,0,0,1,0,0,0,B06,694963,9724748,Dense Woodland,1.5,2935.747739,1104.754274,4573.639611,6.342857143,0.000579536,0.001216255,5703.222222,4065.888889,Tree
90,ASG0002kpv,8/11/10,5:20:44 PM,8,2010,gazelleGrants,2,0,0,1,1,0,0,B06,694963,9724748,Dense Woodland,1.5,2935.747739,1104.754274,4573.639611,6.342857143,0.000579536,0.001216255,5703.222222,4065.888889,Tree
91,ASG0002kpv,8/11/10,5:20:44 PM,8,2010,gazelleGrants,2,0,0,1,1,0,0,B06,694963,9724748,Dense Woodland,1.5,2935.747739,1104.754274,4573.639611,6.342857143,0.000579536,0.001216255,5703.222222,4065.888889,Tree
92,ASG0002kpv,8/11/10,5:20:44 PM,8,2010,gazelleGrants,2,0,0,1,1,0,0,B06,694963,9724748,Dense Woodland,1.5,2935.747739,1104.754274,4573.639611,6.342857143,0.000579536,0.001216255,5703.222222,4065.888889,Tree
93,ASG0002kpw,8/14/10,8:54:04 AM,8,2010,impala,3,0,0,1,0,0,0,B06,694963,9724748,Dense Woodland,1.5,2935.747739,1104.754274,4573.639611,6.342857143,0.000579536,0.001216255,5703.222222,4065.888889,Tree
94,ASG0002kpw,8/14/10,8:54:04 AM,8,2010,impala,3,0,0,1,0,0,0,B06,694963,9724748,Dense Woodland,1.5,2935.747739,1104.754274,4573.639611,6.342857143,0.000579536,0.001216255,5703.222222,4065.888889,Tree
95,ASG0002kpw,8/14/10,8:54:04 AM,8,2010,impala,3,0,0,1,0,0,0,B06,694963,9724748,Dense Woodland,1.5,2935.747739,1104.754274,4573.639611,6.342857143,0.000579536,0.001216255,5703.222222,4065.888889,Tree
96,ASG0002kpx,8/14/10,8:55:40 AM,8,2010,reedbuck,4,0,0,1,1,0,0,B06,694963,9724748,Dense Woodland,1.5,2935.747739,1104.754274,4573.639611,6.342857143,0.000579536,0.001216255,5703.222222,4065.888889,Tree
97,ASG0002kpx,8/14/10,8:55:40 AM,8,2010,reedbuck,4,0,0,1,1,0,0,B06,694963,9724748,Dense Woodland,1.5,2935.747739,1104.754274,4573.639611,6.342857143,0.000579536,0.001216255,5703.222222,4065.888889,Tree
98,ASG0002kpx,8/14/10,8:55:40 AM,8,2010,reedbuck,4,0,0,1,1,0,0,B06,694963,9724748,Dense Woodland,1.5,2935.747739,1104.754274,4573.639611,6.342857143,0.000579536,0.001216255,5703.222222,4065.888889,Tree
99,ASG0002kpy,8/16/10,12:42:18 PM,8,2010,elephant,1,0,0,1,0,0,0,B06,694963,9724748,Dense Woodland,1.5,2935.747739,1104.754274,4573.639611,6.342857143,0.000579536,0.001216255,5703.222222,4065.888889,Tree
100,ASG0002kpy,8/16/10,12:42:18 PM,8,2010,elephant,1,0,0,1,0,0,0,B06,694963,9724748,Dense Woodland,1.5,2935.747739,1104.754274,4573.639611,6.342857143,0.000579536,0.001216255,5703.222222,4065.888889,Tree
101,ASG0002kpy,8/16/10,12:42:18 PM,8,2010,elephant,1,0,0,1,0,0,0,B06,694963,9724748,Dense Woodland,1.5,2935.747739,1104.754274,4573.639611,6.342857143,0.000579536,0.001216255,5703.222222,4065.888889,Tree
102,ASG0002kpz,8/17/10,5:23:14 PM,8,2010,impala,1,0,0,1,0,0,0,B06,694963,9724748,Dense Woodland,1.5,2935.747739,1104.754274,4573.639611,6.342857143,0.000579536,0.001216255,5703.222222,4065.888889,Tree
103,ASG0002kpz,8/17/10,5:23:14 PM,8,2010,impala,1,0,0,1,0,0,0,B06,694963,9724748,Dense Woodland,1.5,2935.747739,1104.754274,4573.639611,6.342857143,0.000579536,0.001216255,5703.222222,4065.888889,Tree
104,ASG0002kpz,8/17/10,5:23:14 PM,8,2010,impala,1,0,0,1,0,0,0,B06,694963,9724748,Dense Woodland,1.5,2935.747739,1104.754274,4573.639611,6.342857143,0.000579536,0.001216255,5703.222222,4065.888889,Tree
105,ASG0002kq0,8/19/10,3:12:02 AM,8,2010,porcupine,2,0,0,1,0,0,0,B06,694963,9724748,Dense Woodland,1.5,2935.747739,1104.754274,4573.639611,6.342857143,0.000579536,0.001216255,5703.222222,4065.888889,Tree
106,ASG0002kq0,8/19/10,3:12:02 AM,8,2010,porcupine,2,0,0,1,0,0,0,B06,694963,9724748,Dense Woodland,1.5,2935.747739,1104.754274,4573.639611,6.342857143,0.000579536,0.001216255,5703.222222,4065.888889,Tree
107,ASG0002kq0,8/19/10,3:12:02 AM,8,2010,porcupine,2,0,0,1,0,0,0,B06,694963,9724748,Dense Woodland,1.5,2935.747739,1104.754274,4573.639611,6.342857143,0.000579536,0.001216255,5703.222222,4065.888889,Tree
108,ASG0002kq2,8/19/10,7:15:26 AM,8,2010,impala,3,0,0,1,0,0,0,B06,694963,9724748,Dense Woodland,1.5,2935.747739,1104.754274,4573.639611,6.342857143,0.000579536,0.001216255,5703.222222,4065.888889,Tree
109,ASG0002kq2,8/19/10,7:15:26 AM,8,2010,impala,3,0,0,1,0,0,0,B06,694963,9724748,Dense Woodland,1.5,2935.747739,1104.754274,4573.639611,6.342857143,0.000579536,0.001216255,5703.222222,4065.888889,Tree
110,ASG0002kq2,8/19/10,7:15:26 AM,8,2010,impala,3,0,0,1,0,0,0,B06,694963,9724748,Dense Woodland,1.5,2935.747739,1104.754274,4573.639611,6.342857143,0.000579536,0.001216255,5703.222222,4065.888889,Tree
111,ASG0002kq3,8/19/10,7:17:26 AM,8,2010,impala,1,0,0,1,0,0,0,B06,694963,9724748,Dense Woodland,1.5,2935.747739,1104.754274,4573.639611,6.342857143,0.000579536,0.001216255,5703.222222,4065.888889,Tree
112,ASG0002kq3,8/19/10,7:17:26 AM,8,2010,impala,1,0,0,1,0,0,0,B06,694963,9724748,Dense Woodland,1.5,2935.747739,1104.754274,4573.639611,6.342857143,0.000579536,0.001216255,5703.222222,4065.888889,Tree
113,ASG0002kq3,8/19/10,7:17:26 AM,8,2010,impala,1,0,0,1,0,0,0,B06,694963,9724748,Dense Woodland,1.5,2935.747739,1104.754274,4573.639611,6.342857143,0.000579536,0.001216255,5703.222222,4065.888889,Tree
114,ASG0002kq4,8/19/10,8:38:36 AM,8,2010,dikDik,1,0,0,1,0,0,0,B06,694963,9724748,Dense Woodland,1.5,2935.747739,1104.754274,4573.639611,6.342857143,0.000579536,0.001216255,5703.222222,4065.888889,Tree
115,ASG0002kq4,8/19/10,8:38:36 AM,8,2010,dikDik,1,0,0,1,0,0,0,B06,694963,9724748,Dense Woodland,1.5,2935.747739,1104.754274,4573.639611,6.342857143,0.000579536,0.001216255,5703.222222,4065.888889,Tree
116,ASG0002kq4,8/19/10,8:38:36 AM,8,2010,dikDik,1,0,0,1,0,0,0,B06,694963,9724748,Dense Woodland,1.5,2935.747739,1104.754274,4573.639611,6.342857143,0.000579536,0.001216255,5703.222222,4065.888889,Tree
117,ASG0002kq5,8/19/10,8:52:14 AM,8,2010,gazelleThomsons,1,1,0,0,1,0,0,B06,694963,9724748,Dense Woodland,1.5,2935.747739,1104.754274,4573.639611,6.342857143,0.000579536,0.001216255,5703.222222,4065.888889,Tree
118,ASG0002kq5,8/19/10,8:52:14 AM,8,2010,gazelleThomsons,1,1,0,0,1,0,0,B06,694963,9724748,Dense Woodland,1.5,2935.747739,1104.754274,4573.639611,6.342857143,0.000579536,0.001216255,5703.222222,4065.888889,Tree
119,ASG0002kq5,8/19/10,8:52:14 AM,8,2010,gazelleThomsons,1,1,0,0,1,0,0,B06,694963,9724748,Dense Woodland,1.5,2935.747739,1104.754274,4573.639611,6.342857143,0.000579536,0.001216255,5703.222222,4065.888889,Tree
120,ASG0002kq7,8/21/10,1:11:36 AM,8,2010,hyenaSpotted,1,1,0,0,0,0,0,B06,694963,9724748,Dense Woodland,1.5,2935.747739,1104.754274,4573.639611,6.342857143,0.000579536,0.001216255,5703.222222,4065.888889,Tree
121,ASG0002kq7,8/21/10,1:11:36 AM,8,2010,hyenaSpotted,1,1,0,0,0,0,0,B06,694963,9724748,Dense Woodland,1.5,2935.747739,1104.754274,4573.639611,6.342857143,0.000579536,0.001216255,5703.222222,4065.888889,Tree
122,ASG0002kq7,8/21/10,1:11:36 AM,8,2010,hyenaSpotted,1,1,0,0,0,0,0,B06,694963,9724748,Dense Woodland,1.5,2935.747739,1104.754274,4573.639611,6.342857143,0.000579536,0.001216255,5703.222222,4065.888889,Tree
123,ASG0002kq8,8/21/10,10:58:34 PM,8,2010,hyenaSpotted,1,0,0,1,0,0,0,B06,694963,9724748,Dense Woodland,1.5,2935.747739,1104.754274,4573.639611,6.342857143,0.000579536,0.001216255,5703.222222,4065.888889,Tree
124,ASG0002kq8,8/21/10,10:58:34 PM,8,2010,hyenaSpotted,1,0,0,1,0,0,0,B06,694963,9724748,Dense Woodland,1.5,2935.747739,1104.754274,4573.639611,6.342857143,0.000579536,0.001216255,5703.222222,4065.888889,Tree
125,ASG0002kq8,8/21/10,10:58:34 PM,8,2010,hyenaSpotted,1,0,0,1,0,0,0,B06,694963,9724748,Dense Woodland,1.5,2935.747739,1104.754274,4573.639611,6.342857143,0.000579536,0.001216255,5703.222222,4065.888889,Tree
126,ASG0002kq9,8/22/10,7:02:16 AM,8,2010,gazelleGrants,1,0,0,1,0,0,0,B06,694963,9724748,Dense Woodland,1.5,2935.747739,1104.754274,4573.639611,6.342857143,0.000579536,0.001216255,5703.222222,4065.888889,Tree
127,ASG0002kq9,8/22/10,7:02:16 AM,8,2010,gazelleGrants,1,0,0,1,0,0,0,B06,694963,9724748,Dense Woodland,1.5,2935.747739,1104.754274,4573.639611,6.342857143,0.000579536,0.001216255,5703.222222,4065.888889,Tree
128,ASG0002kq9,8/22/10,7:02:16 AM,8,2010,gazelleGrants,1,0,0,1,0,0,0,B06,694963,9724748,Dense Woodland,1.5,2935.747739,1104.754274,4573.639611,6.342857143,0.000579536,0.001216255,5703.222222,4065.888889,Tree
129,ASG0002kqd,8/24/10,11:29:00 AM,8,2010,human,1,0,0,1,0,0,0,B06,694963,9724748,Dense Woodland,1.5,2935.747739,1104.754274,4573.639611,6.342857143,0.000579536,0.001216255,5703.222222,4065.888889,Tree
130,ASG0002kqd,8/24/10,11:29:00 AM,8,2010,human,1,0,0,1,0,0,0,B06,694963,9724748,Dense Woodland,1.5,2935.747739,1104.754274,4573.639611,6.342857143,0.000579536,0.001216255,5703.222222,4065.888889,Tree
131,ASG0002kqd,8/24/10,11:29:00 AM,8,2010,human,1,0,0,1,0,0,0,B06,694963,9724748,Dense Woodland,1.5,2935.747739,1104.754274,4573.639611,6.342857143,0.000579536,0.001216255,5703.222222,4065.888889,Tree
132,ASG0002kqe,8/24/10,11:35:06 AM,8,2010,human,1,0,0,0,0,0,0,B06,694963,9724748,Dense Woodland,1.5,2935.747739,1104.754274,4573.639611,6.342857143,0.000579536,0.001216255,5703.222222,4065.888889,Tree
133,ASG0002kqf,8/24/10,11:35:18 AM,8,2010,human,1,1,0,0,0,0,0,B06,694963,9724748,Dense Woodland,1.5,2935.747739,1104.754274,4573.639611,6.342857143,0.000579536,0.001216255,5703.222222,4065.888889,Tree
134,ASG0002kqg,8/24/10,11:36:16 AM,8,2010,human,1,1,0,0,0,0,0,B06,694963,9724748,Dense Woodland,1.5,2935.747739,1104.754274,4573.639611,6.342857143,0.000579536,0.001216255,5703.222222,4065.888889,Tree
135,ASG0002kqh,8/24/10,11:36:30 AM,8,2010,human,1,1,0,0,0,0,0,B06,694963,9724748,Dense Woodland,1.5,2935.747739,1104.754274,4573.639611,6.342857143,0.000579536,0.001216255,5703.222222,4065.888889,Tree
136,ASG0002kqi,8/24/10,11:37:00 AM,8,2010,human,1,1,0,0,0,0,0,B06,694963,9724748,Dense Woodland,1.5,2935.747739,1104.754274,4573.639611,6.342857143,0.000579536,0.001216255,5703.222222,4065.888889,Tree
137,ASG0002kqj,8/24/10,11:37:12 AM,8,2010,human,1,1,0,0,0,0,0,B06,694963,9724748,Dense Woodland,1.5,2935.747739,1104.754274,4573.639611,6.342857143,0.000579536,0.001216255,5703.222222,4065.888889,Tree
138,ASG0002kqk,8/24/10,11:37:26 AM,8,2010,human,1,1,0,0,0,0,0,B06,694963,9724748,Dense Woodland,1.5,2935.747739,1104.754274,4573.639611,6.342857143,0.000579536,0.001216255,5703.222222,4065.888889,Tree
139,ASG0002kql,8/24/10,11:37:38 AM,8,2010,human,1,0,0,0,0,0,0,B06,694963,9724748,Dense Woodland,1.5,2935.747739,1104.754274,4573.639611,6.342857143,0.000579536,0.001216255,5703.222222,4065.888889,Tree
140,ASG0002kqn,8/24/10,11:39:26 AM,8,2010,human,1,1,0,0,0,0,0,B06,694963,9724748,Dense Woodland,1.5,2935.747739,1104.754274,4573.639611,6.342857143,0.000579536,0.001216255,5703.222222,4065.888889,Tree
141,ASG0002kqo,8/24/10,11:39:38 AM,8,2010,human,1,0,0,0,0,0,0,B06,694963,9724748,Dense Woodland,1.5,2935.747739,1104.754274,4573.639611,6.342857143,0.000579536,0.001216255,5703.222222,4065.888889,Tree
142,ASG0002kqo,8/24/10,11:39:38 AM,8,2010,human,1,0,0,0,0,0,0,B06,694963,9724748,Dense Woodland,1.5,2935.747739,1104.754274,4573.639611,6.342857143,0.000579536,0.001216255,5703.222222,4065.888889,Tree
143,ASG0002kqo,8/24/10,11:39:38 AM,8,2010,human,1,0,0,0,0,0,0,B06,694963,9724748,Dense Woodland,1.5,2935.747739,1104.754274,4573.639611,6.342857143,0.000579536,0.001216255,5703.222222,4065.888889,Tree
144,ASG0002kqp,8/24/10,11:48:58 AM,8,2010,human,1,0,0,1,0,0,0,B06,694963,9724748,Dense Woodland,1.5,2935.747739,1104.754274,4573.639611,6.342857143,0.000579536,0.001216255,5703.222222,4065.888889,Tree
145,ASG0002kqp,8/24/10,11:48:58 AM,8,2010,human,1,0,0,1,0,0,0,B06,694963,9724748,Dense Woodland,1.5,2935.747739,1104.754274,4573.639611,6.342857143,0.000579536,0.001216255,5703.222222,4065.888889,Tree
146,ASG0002kqp,8/24/10,11:48:58 AM,8,2010,human,1,0,0,1,0,0,0,B06,694963,9724748,Dense Woodland,1.5,2935.747739,1104.754274,4573.639611,6.342857143,0.000579536,0.001216255,5703.222222,4065.888889,Tree
147,ASG0002kqq,8/24/10,2:25:56 PM,8,2010,zebra,1,0,0,1,0,0,0,B06,694963,9724748,Dense Woodland,1.5,2935.747739,1104.754274,4573.639611,6.342857143,0.000579536,0.001216255,5703.222222,4065.888889,Tree
148,ASG0002kqq,8/24/10,2:25:56 PM,8,2010,zebra,1,0,0,1,0,0,0,B06,694963,9724748,Dense Woodland,1.5,2935.747739,1104.754274,4573.639611,6.342857143,0.000579536,0.001216255,5703.222222,4065.888889,Tree
149,ASG0002kqq,8/24/10,2:25:56 PM,8,2010,zebra,1,0,0,1,0,0,0,B06,694963,9724748,Dense Woodland,1.5,2935.747739,1104.754274,4573.639611,6.342857143,0.000579536,0.001216255,5703.222222,4065.888889,Tree
150,ASG0002kqr,8/24/10,2:32:06 PM,8,2010,zebra,3,0,0,1,0,0,0,B06,694963,9724748,Dense Woodland,1.5,2935.747739,1104.754274,4573.639611,6.342857143,0.000579536,0.001216255,5703.222222,4065.888889,Tree
151,ASG0002kqr,8/24/10,2:32:06 PM,8,2010,zebra,3,0,0,1,0,0,0,B06,694963,9724748,Dense Woodland,1.5,2935.747739,1104.754274,4573.639611,6.342857143,0.000579536,0.001216255,5703.222222,4065.888889,Tree
152,ASG0002kqr,8/24/10,2:32:06 PM,8,2010,zebra,3,0,0,1,0,0,0,B06,694963,9724748,Dense Woodland,1.5,2935.747739,1104.754274,4573.639611,6.342857143,0.000579536,0.001216255,5703.222222,4065.888889,Tree
153,ASG0002kqt,8/24/10,7:03:32 PM,8,2010,impala,1,0,0,1,0,0,0,B06,694963,9724748,Dense Woodland,1.5,2935.747739,1104.754274,4573.639611,6.342857143,0.000579536,0.001216255,5703.222222,4065.888889,Tree
154,ASG0002kqt,8/24/10,7:03:32 PM,8,2010,impala,1,0,0,1,0,0,0,B06,694963,9724748,Dense Woodland,1.5,2935.747739,1104.754274,4573.639611,6.342857143,0.000579536,0.001216255,5703.222222,4065.888889,Tree
155,ASG0002kqt,8/24/10,7:03:32 PM,8,2010,impala,1,0,0,1,0,0,0,B06,694963,9724748,Dense Woodland,1.5,2935.747739,1104.754274,4573.639611,6.342857143,0.000579536,0.001216255,5703.222222,4065.888889,Tree
156,ASG0002kqu,8/24/10,9:45:02 PM,8,2010,dikDik,1,0,0,1,0,0,0,B06,694963,9724748,Dense Woodland,1.5,2935.747739,1104.754274,4573.639611,6.342857143,0.000579536,0.001216255,5703.222222,4065.888889,Tree
157,ASG0002kqu,8/24/10,9:45:02 PM,8,2010,dikDik,1,0,0,1,0,0,0,B06,694963,9724748,Dense Woodland,1.5,2935.747739,1104.754274,4573.639611,6.342857143,0.000579536,0.001216255,5703.222222,4065.888889,Tree
158,ASG0002kqu,8/24/10,9:45:02 PM,8,2010,dikDik,1,0,0,1,0,0,0,B06,694963,9724748,Dense Woodland,1.5,2935.747739,1104.754274,4573.639611,6.342857143,0.000579536,0.001216255,5703.222222,4065.888889,Tree
159,ASG0002kqv,8/25/10,7:26:48 AM,8,2010,impala,1,0,0,1,0,0,0,B06,694963,9724748,Dense Woodland,1.5,2935.747739,1104.754274,4573.639611,6.342857143,0.000579536,0.001216255,5703.222222,4065.888889,Tree
160,ASG0002kqv,8/25/10,7:26:48 AM,8,2010,impala,1,0,0,1,0,0,0,B06,694963,9724748,Dense Woodland,1.5,2935.747739,1104.754274,4573.639611,6.342857143,0.000579536,0.001216255,5703.222222,4065.888889,Tree
161,ASG0002kqv,8/25/10,7:26:48 AM,8,2010,impala,1,0,0,1,0,0,0,B06,694963,9724748,Dense Woodland,1.5,2935.747739,1104.754274,4573.639611,6.342857143,0.000579536,0.001216255,5703.222222,4065.888889,Tree
162,ASG0002kqw,8/25/10,7:28:50 AM,8,2010,zebra,1,0,0,1,0,0,0,B06,694963,9724748,Dense Woodland,1.5,2935.747739,1104.754274,4573.639611,6.342857143,0.000579536,0.001216255,5703.222222,4065.888889,Tree
163,ASG0002kqw,8/25/10,7:28:50 AM,8,2010,zebra,1,0,0,1,0,0,0,B06,694963,9724748,Dense Woodland,1.5,2935.747739,1104.754274,4573.639611,6.342857143,0.000579536,0.001216255,5703.222222,4065.888889,Tree
164,ASG0002kqw,8/25/10,7:28:50 AM,8,2010,zebra,1,0,0,1,0,0,0,B06,694963,9724748,Dense Woodland,1.5,2935.747739,1104.754274,4573.639611,6.342857143,0.000579536,0.001216255,5703.222222,4065.888889,Tree
165,ASG0002kqz,8/25/10,7:42:10 AM,8,2010,gazelleGrants,3,0,0,1,0,0,0,B06,694963,9724748,Dense Woodland,1.5,2935.747739,1104.754274,4573.639611,6.342857143,0.000579536,0.001216255,5703.222222,4065.888889,Tree
166,ASG0002kqz,8/25/10,7:42:10 AM,8,2010,gazelleGrants,3,0,0,1,0,0,0,B06,694963,9724748,Dense Woodland,1.5,2935.747739,1104.754274,4573.639611,6.342857143,0.000579536,0.001216255,5703.222222,4065.888889,Tree
167,ASG0002kqz,8/25/10,7:42:10 AM,8,2010,gazelleGrants,3,0,0,1,0,0,0,B06,694963,9724748,Dense Woodland,1.5,2935.747739,1104.754274,4573.639611,6.342857143,0.000579536,0.001216255,5703.222222,4065.888889,Tree
168,ASG0002kr0,8/25/10,7:44:36 AM,8,2010,impala,4,1,0,1,0,0,0,B06,694963,9724748,Dense Woodland,1.5,2935.747739,1104.754274,4573.639611,6.342857143,0.000579536,0.001216255,5703.222222,4065.888889,Tree
169,ASG0002kr0,8/25/10,7:44:36 AM,8,2010,impala,4,1,0,1,0,0,0,B06,694963,9724748,Dense Woodland,1.5,2935.747739,1104.754274,4573.639611,6.342857143,0.000579536,0.001216255,5703.222222,4065.888889,Tree
170,ASG0002kr0,8/25/10,7:44:36 AM,8,2010,impala,4,1,0,1,0,0,0,B06,694963,9724748,Dense Woodland,1.5,2935.747739,1104.754274,4573.639611,6.342857143,0.000579536,0.001216255,5703.222222,4065.888889,Tree
171,ASG0002kr1,8/25/10,8:05:48 AM,8,2010,gazelleThomsons,1,0,0,1,0,0,0,B06,694963,9724748,Dense Woodland,1.5,2935.747739,1104.754274,4573.639611,6.342857143,0.000579536,0.001216255,5703.222222,4065.888889,Tree
172,ASG0002kr1,8/25/10,8:05:48 AM,8,2010,gazelleThomsons,1,0,0,1,0,0,0,B06,694963,9724748,Dense Woodland,1.5,2935.747739,1104.754274,4573.639611,6.342857143,0.000579536,0.001216255,5703.222222,4065.888889,Tree
173,ASG0002kr1,8/25/10,8:05:48 AM,8,2010,gazelleThomsons,1,0,0,1,0,0,0,B06,694963,9724748,Dense Woodland,1.5,2935.747739,1104.754274,4573.639611,6.342857143,0.000579536,0.001216255,5703.222222,4065.888889,Tree
174,ASG0002kr2,8/25/10,1:41:26 PM,8,2010,impala,6,0,0,0,1,0,0,B06,694963,9724748,Dense Woodland,1.5,2935.747739,1104.754274,4573.639611,6.342857143,0.000579536,0.001216255,5703.222222,4065.888889,Tree
175,ASG0002kr2,8/25/10,1:41:26 PM,8,2010,impala,6,0,0,0,1,0,0,B06,694963,9724748,Dense Woodland,1.5,2935.747739,1104.754274,4573.639611,6.342857143,0.000579536,0.001216255,5703.222222,4065.888889,Tree
176,ASG0002kr2,8/25/10,1:41:26 PM,8,2010,impala,6,0,0,0,1,0,0,B06,694963,9724748,Dense Woodland,1.5,2935.747739,1104.754274,4573.639611,6.342857143,0.000579536,0.001216255,5703.222222,4065.888889,Tree
177,ASG0002kr3,8/25/10,1:47:56 PM,8,2010,impala,3,1,0,0,1,0,0,B06,694963,9724748,Dense Woodland,1.5,2935.747739,1104.754274,4573.639611,6.342857143,0.000579536,0.001216255,5703.222222,4065.888889,Tree
178,ASG0002kr3,8/25/10,1:47:56 PM,8,2010,impala,3,1,0,0,1,0,0,B06,694963,9724748,Dense Woodland,1.5,2935.747739,1104.754274,4573.639611,6.342857143,0.000579536,0.001216255,5703.222222,4065.888889,Tree
179,ASG0002kr3,8/25/10,1:47:56 PM,8,2010,impala,3,1,0,0,1,0,0,B06,694963,9724748,Dense Woodland,1.5,2935.747739,1104.754274,4573.639611,6.342857143,0.000579536,0.001216255,5703.222222,4065.888889,Tree
180,ASG0002kr4,8/25/10,1:53:12 PM,8,2010,impala,3,0,0,0,1,0,0,B06,694963,9724748,Dense Woodland,1.5,2935.747739,1104.754274,4573.639611,6.342857143,0.000579536,0.001216255,5703.222222,4065.888889,Tree
181,ASG0002kr4,8/25/10,1:53:12 PM,8,2010,impala,3,0,0,0,1,0,0,B06,694963,9724748,Dense Woodland,1.5,2935.747739,1104.754274,4573.639611,6.342857143,0.000579536,0.001216255,5703.222222,4065.888889,Tree
182,ASG0002kr4,8/25/10,1:53:12 PM,8,2010,impala,3,0,0,0,1,0,0,B06,694963,9724748,Dense Woodland,1.5,2935.747739,1104.754274,4573.639611,6.342857143,0.000579536,0.001216255,5703.222222,4065.888889,Tree
183,ASG0002kr5,8/25/10,2:00:54 PM,8,2010,gazelleThomsons,1,0,0,1,0,0,0,B06,694963,9724748,Dense Woodland,1.5,2935.747739,1104.754274,4573.639611,6.342857143,0.000579536,0.001216255,5703.222222,4065.888889,Tree
184,ASG0002kr5,8/25/10,2:00:54 PM,8,2010,gazelleThomsons,1,0,0,1,0,0,0,B06,694963,9724748,Dense Woodland,1.5,2935.747739,1104.754274,4573.639611,6.342857143,0.000579536,0.001216255,5703.222222,4065.888889,Tree
185,ASG0002kr5,8/25/10,2:00:54 PM,8,2010,gazelleThomsons,1,0,0,1,0,0,0,B06,694963,9724748,Dense Woodland,1.5,2935.747739,1104.754274,4573.639611,6.342857143,0.000579536,0.001216255,5703.222222,4065.888889,Tree
186,ASG0002kr6,8/26/10,5:14:16 PM,8,2010,impala,2,0,0,1,1,0,0,B06,694963,9724748,Dense Woodland,1.5,2935.747739,1104.754274,4573.639611,6.342857143,0.000579536,0.001216255,5703.222222,4065.888889,Tree
187,ASG0002kr6,8/26/10,5:14:16 PM,8,2010,impala,2,0,0,1,1,0,0,B06,694963,9724748,Dense Woodland,1.5,2935.747739,1104.754274,4573.639611,6.342857143,0.000579536,0.001216255,5703.222222,4065.888889,Tree
188,ASG0002kr6,8/26/10,5:14:16 PM,8,2010,impala,2,0,0,1,1,0,0,B06,694963,9724748,Dense Woodland,1.5,2935.747739,1104.754274,4573.639611,6.342857143,0.000579536,0.001216255,5703.222222,4065.888889,Tree
189,ASG0002kr7,8/26/10,5:18:08 PM,8,2010,zebra,1,0,0,0,1,0,0,B06,694963,9724748,Dense Woodland,1.5,2935.747739,1104.754274,4573.639611,6.342857143,0.000579536,0.001216255,5703.222222,4065.888889,Tree
190,ASG0002kr7,8/26/10,5:18:08 PM,8,2010,zebra,1,0,0,0,1,0,0,B06,694963,9724748,Dense Woodland,1.5,2935.747739,1104.754274,4573.639611,6.342857143,0.000579536,0.001216255,5703.222222,4065.888889,Tree
191,ASG0002kr7,8/26/10,5:18:08 PM,8,2010,zebra,1,0,0,0,1,0,0,B06,694963,9724748,Dense Woodland,1.5,2935.747739,1104.754274,4573.639611,6.342857143,0.000579536,0.001216255,5703.222222,4065.888889,Tree
192,ASG0002kr8,8/26/10,5:20:36 PM,8,2010,zebra,3,1,0,0,1,0,0,B06,694963,9724748,Dense Woodland,1.5,2935.747739,1104.754274,4573.639611,6.342857143,0.000579536,0.001216255,5703.222222,4065.888889,Tree
193,ASG0002kr8,8/26/10,5:20:36 PM,8,2010,zebra,3,1,0,0,1,0,0,B06,694963,9724748,Dense Woodland,1.5,2935.747739,1104.754274,4573.639611,6.342857143,0.000579536,0.001216255,5703.222222,4065.888889,Tree
194,ASG0002kr8,8/26/10,5:20:36 PM,8,2010,zebra,3,1,0,0,1,0,0,B06,694963,9724748,Dense Woodland,1.5,2935.747739,1104.754274,4573.639611,6.342857143,0.000579536,0.001216255,5703.222222,4065.888889,Tree
195,ASG0002kr9,8/26/10,5:22:52 PM,8,2010,zebra,1,0,0,0,1,0,0,B06,694963,9724748,Dense Woodland,1.5,2935.747739,1104.754274,4573.639611,6.342857143,0.000579536,0.001216255,5703.222222,4065.888889,Tree
196,ASG0002kr9,8/26/10,5:22:52 PM,8,2010,zebra,1,0,0,0,1,0,0,B06,694963,9724748,Dense Woodland,1.5,2935.747739,1104.754274,4573.639611,6.342857143,0.000579536,0.001216255,5703.222222,4065.888889,Tree
197,ASG0002kr9,8/26/10,5:22:52 PM,8,2010,zebra,1,0,0,0,1,0,0,B06,694963,9724748,Dense Woodland,1.5,2935.747739,1104.754274,4573.639611,6.342857143,0.000579536,0.001216255,5703.222222,4065.888889,Tree
198,ASG0002kra,8/27/10,8:59:12 AM,8,2010,impala,1,0,0,1,0,0,0,B06,694963,9724748,Dense Woodland,1.5,2935.747739,1104.754274,4573.639611,6.342857143,0.000579536,0.001216255,5703.222222,4065.888889,Tree
199,ASG0002kra,8/27/10,8:59:12 AM,8,2010,impala,1,0,0,1,0,0,0,B06,694963,9724748,Dense Woodland,1.5,2935.747739,1104.754274,4573.639611,6.342857143,0.000579536,0.001216255,5703.222222,4065.888889,Tree
200,ASG0002kra,8/27/10,8:59:12 AM,8,2010,impala,1,0,0,1,0,0,0,B06,694963,9724748,Dense Woodland,1.5,2935.747739,1104.754274,4573.639611,6.342857143,0.000579536,0.001216255,5703.222222,4065.888889,Tree